INSERT INTO CustomerContact VALUES (
        1, 'Mr.', 'First1', 'M', 'Last1', '', 
        'first1.last1@example.com', '555-777-6387', 
        '123 Main St', 'City1', 'ST', '10001', 
        '1981-03-08');
INSERT INTO CustomerContact VALUES (
        2, 'Mr.', 'First2', 'M', 'Last2', '', 
        'first2.last2@example.com', '555-552-4409', 
        '123 Main St', 'City2', 'ST', '10002', 
        '1982-07-20');
INSERT INTO CustomerContact VALUES (
        3, 'Mr.', 'First3', 'M', 'Last3', '', 
        'first3.last3@example.com', '555-488-9779', 
        '123 Main St', 'City3', 'ST', '10003', 
        '1983-04-09');
INSERT INTO CustomerContact VALUES (
        4, 'Mr.', 'First4', 'M', 'Last4', '', 
        'first4.last4@example.com', '555-624-5002', 
        '123 Main St', 'City4', 'ST', '10004', 
        '1984-09-05');
INSERT INTO CustomerContact VALUES (
        5, 'Mr.', 'First5', 'M', 'Last5', '', 
        'first5.last5@example.com', '555-651-2630', 
        '123 Main St', 'City5', 'ST', '10005', 
        '1985-12-06');
INSERT INTO CustomerContact VALUES (
        6, 'Mr.', 'First6', 'M', 'Last6', '', 
        'first6.last6@example.com', '555-770-2777', 
        '123 Main St', 'City6', 'ST', '10006', 
        '1986-07-26');
INSERT INTO CustomerContact VALUES (
        7, 'Mr.', 'First7', 'M', 'Last7', '', 
        'first7.last7@example.com', '555-317-1660', 
        '123 Main St', 'City7', 'ST', '10007', 
        '1987-04-07');
INSERT INTO CustomerContact VALUES (
        8, 'Mr.', 'First8', 'M', 'Last8', '', 
        'first8.last8@example.com', '555-967-4287', 
        '123 Main St', 'City8', 'ST', '10008', 
        '1988-11-06');
INSERT INTO CustomerContact VALUES (
        9, 'Mr.', 'First9', 'M', 'Last9', '', 
        'first9.last9@example.com', '555-622-7306', 
        '123 Main St', 'City9', 'ST', '10009', 
        '1989-05-20');
INSERT INTO CustomerContact VALUES (
        10, 'Mr.', 'First10', 'M', 'Last10', '', 
        'first10.last10@example.com', '555-717-8008', 
        '123 Main St', 'City10', 'ST', '10010', 
        '1990-10-17');
INSERT INTO CustomerContact VALUES (
        11, 'Mr.', 'First11', 'M', 'Last11', '', 
        'first11.last11@example.com', '555-460-7260', 
        '123 Main St', 'City11', 'ST', '10011', 
        '1991-07-25');
INSERT INTO CustomerContact VALUES (
        12, 'Mr.', 'First12', 'M', 'Last12', '', 
        'first12.last12@example.com', '555-493-6574', 
        '123 Main St', 'City12', 'ST', '10012', 
        '1992-10-10');
INSERT INTO CustomerContact VALUES (
        13, 'Mr.', 'First13', 'M', 'Last13', '', 
        'first13.last13@example.com', '555-266-9905', 
        '123 Main St', 'City13', 'ST', '10013', 
        '1993-08-19');
INSERT INTO CustomerContact VALUES (
        14, 'Mr.', 'First14', 'M', 'Last14', '', 
        'first14.last14@example.com', '555-677-7425', 
        '123 Main St', 'City14', 'ST', '10014', 
        '1994-07-22');
INSERT INTO CustomerContact VALUES (
        15, 'Mr.', 'First15', 'M', 'Last15', '', 
        'first15.last15@example.com', '555-299-7607', 
        '123 Main St', 'City15', 'ST', '10015', 
        '1995-05-28');
INSERT INTO CustomerContact VALUES (
        16, 'Mr.', 'First16', 'M', 'Last16', '', 
        'first16.last16@example.com', '555-137-7073', 
        '123 Main St', 'City16', 'ST', '10016', 
        '1996-02-03');
INSERT INTO CustomerContact VALUES (
        17, 'Mr.', 'First17', 'M', 'Last17', '', 
        'first17.last17@example.com', '555-727-8493', 
        '123 Main St', 'City17', 'ST', '10017', 
        '1997-12-27');
INSERT INTO CustomerContact VALUES (
        18, 'Mr.', 'First18', 'M', 'Last18', '', 
        'first18.last18@example.com', '555-656-8287', 
        '123 Main St', 'City18', 'ST', '10018', 
        '1998-12-13');
INSERT INTO CustomerContact VALUES (
        19, 'Mr.', 'First19', 'M', 'Last19', '', 
        'first19.last19@example.com', '555-623-5871', 
        '123 Main St', 'City19', 'ST', '10019', 
        '1999-07-27');
INSERT INTO CustomerContact VALUES (
        20, 'Mr.', 'First20', 'M', 'Last20', '', 
        'first20.last20@example.com', '555-938-4620', 
        '123 Main St', 'City20', 'ST', '10020', 
        '2000-05-12');
INSERT INTO CustomerContact VALUES (
        21, 'Mr.', 'First21', 'M', 'Last21', '', 
        'first21.last21@example.com', '555-387-4509', 
        '123 Main St', 'City21', 'ST', '10021', 
        '2001-12-24');
INSERT INTO CustomerContact VALUES (
        22, 'Mr.', 'First22', 'M', 'Last22', '', 
        'first22.last22@example.com', '555-259-3368', 
        '123 Main St', 'City22', 'ST', '10022', 
        '2002-09-26');
INSERT INTO CustomerContact VALUES (
        23, 'Mr.', 'First23', 'M', 'Last23', '', 
        'first23.last23@example.com', '555-983-6145', 
        '123 Main St', 'City23', 'ST', '10023', 
        '2003-09-05');
INSERT INTO CustomerContact VALUES (
        24, 'Mr.', 'First24', 'M', 'Last24', '', 
        'first24.last24@example.com', '555-840-7246', 
        '123 Main St', 'City24', 'ST', '10024', 
        '2004-03-03');
INSERT INTO CustomerContact VALUES (
        25, 'Mr.', 'First25', 'M', 'Last25', '', 
        'first25.last25@example.com', '555-661-4221', 
        '123 Main St', 'City25', 'ST', '10025', 
        '2005-10-07');
INSERT INTO CustomerContact VALUES (
        26, 'Mr.', 'First26', 'M', 'Last26', '', 
        'first26.last26@example.com', '555-981-4390', 
        '123 Main St', 'City26', 'ST', '10026', 
        '2006-01-14');
INSERT INTO CustomerContact VALUES (
        27, 'Mr.', 'First27', 'M', 'Last27', '', 
        'first27.last27@example.com', '555-277-2552', 
        '123 Main St', 'City27', 'ST', '10027', 
        '2007-08-16');
INSERT INTO CustomerContact VALUES (
        28, 'Mr.', 'First28', 'M', 'Last28', '', 
        'first28.last28@example.com', '555-731-1771', 
        '123 Main St', 'City28', 'ST', '10028', 
        '2008-12-21');
INSERT INTO CustomerContact VALUES (
        29, 'Mr.', 'First29', 'M', 'Last29', '', 
        'first29.last29@example.com', '555-305-7553', 
        '123 Main St', 'City29', 'ST', '10029', 
        '2009-12-24');
INSERT INTO CustomerContact VALUES (
        30, 'Mr.', 'First30', 'M', 'Last30', '', 
        'first30.last30@example.com', '555-838-5821', 
        '123 Main St', 'City30', 'ST', '10030', 
        '1980-12-14');
INSERT INTO CustomerContact VALUES (
        31, 'Mr.', 'First31', 'M', 'Last31', '', 
        'first31.last31@example.com', '555-427-6670', 
        '123 Main St', 'City31', 'ST', '10031', 
        '1981-05-09');
INSERT INTO CustomerContact VALUES (
        32, 'Mr.', 'First32', 'M', 'Last32', '', 
        'first32.last32@example.com', '555-523-8615', 
        '123 Main St', 'City32', 'ST', '10032', 
        '1982-02-04');
INSERT INTO CustomerContact VALUES (
        33, 'Mr.', 'First33', 'M', 'Last33', '', 
        'first33.last33@example.com', '555-385-1916', 
        '123 Main St', 'City33', 'ST', '10033', 
        '1983-03-13');
INSERT INTO CustomerContact VALUES (
        34, 'Mr.', 'First34', 'M', 'Last34', '', 
        'first34.last34@example.com', '555-737-2263', 
        '123 Main St', 'City34', 'ST', '10034', 
        '1984-05-17');
INSERT INTO CustomerContact VALUES (
        35, 'Mr.', 'First35', 'M', 'Last35', '', 
        'first35.last35@example.com', '555-519-4459', 
        '123 Main St', 'City35', 'ST', '10035', 
        '1985-12-07');
INSERT INTO CustomerContact VALUES (
        36, 'Mr.', 'First36', 'M', 'Last36', '', 
        'first36.last36@example.com', '555-415-5583', 
        '123 Main St', 'City36', 'ST', '10036', 
        '1986-03-28');
INSERT INTO CustomerContact VALUES (
        37, 'Mr.', 'First37', 'M', 'Last37', '', 
        'first37.last37@example.com', '555-170-8602', 
        '123 Main St', 'City37', 'ST', '10037', 
        '1987-07-10');
INSERT INTO CustomerContact VALUES (
        38, 'Mr.', 'First38', 'M', 'Last38', '', 
        'first38.last38@example.com', '555-373-6724', 
        '123 Main St', 'City38', 'ST', '10038', 
        '1988-08-23');
INSERT INTO CustomerContact VALUES (
        39, 'Mr.', 'First39', 'M', 'Last39', '', 
        'first39.last39@example.com', '555-371-5008', 
        '123 Main St', 'City39', 'ST', '10039', 
        '1989-05-01');
INSERT INTO CustomerContact VALUES (
        40, 'Mr.', 'First40', 'M', 'Last40', '', 
        'first40.last40@example.com', '555-518-3404', 
        '123 Main St', 'City40', 'ST', '10040', 
        '1990-03-10');
INSERT INTO Customers VALUES (
        1, 64, 'Female', 'Single', 5, 
        2, 'Rent', '$75k-$100k');
INSERT INTO Customers VALUES (
        2, 63, 'Male', 'Married', 2, 
        0, 'Rent', '$25k-$50k');
INSERT INTO Customers VALUES (
        3, 51, 'Non-binary', 'Married', 5, 
        1, 'Own', '$100k+');
INSERT INTO Customers VALUES (
        4, 64, 'Female', 'Divorced', 1, 
        1, 'Own', '$75k-$100k');
INSERT INTO Customers VALUES (
        5, 23, 'Non-binary', 'Single', 2, 
        0, 'Own', '$75k-$100k');
INSERT INTO Customers VALUES (
        6, 35, 'Non-binary', 'Married', 2, 
        2, 'Own', '$50k-$75k');
INSERT INTO Customers VALUES (
        7, 24, 'Male', 'Married', 3, 
        3, 'Own', '$50k-$75k');
INSERT INTO Customers VALUES (
        8, 29, 'Non-binary', 'Divorced', 1, 
        1, 'Rent', '$75k-$100k');
INSERT INTO Customers VALUES (
        9, 40, 'Non-binary', 'Divorced', 4, 
        0, 'Rent', '$75k-$100k');
INSERT INTO Customers VALUES (
        10, 59, 'Male', 'Divorced', 2, 
        3, 'Rent', '$50k-$75k');
INSERT INTO Customers VALUES (
        11, 40, 'Female', 'Divorced', 3, 
        3, 'Own', '$25k-$50k');
INSERT INTO Customers VALUES (
        12, 35, 'Female', 'Single', 4, 
        1, 'Rent', '$50k-$75k');
INSERT INTO Customers VALUES (
        13, 39, 'Non-binary', 'Single', 4, 
        2, 'Rent', '$75k-$100k');
INSERT INTO Customers VALUES (
        14, 25, 'Non-binary', 'Divorced', 3, 
        1, 'Rent', '$75k-$100k');
INSERT INTO Customers VALUES (
        15, 40, 'Male', 'Divorced', 4, 
        3, 'Own', '$50k-$75k');
INSERT INTO Customers VALUES (
        16, 57, 'Male', 'Divorced', 2, 
        3, 'Own', '$100k+');
INSERT INTO Customers VALUES (
        17, 42, 'Male', 'Married', 1, 
        3, 'Rent', '$100k+');
INSERT INTO Customers VALUES (
        18, 59, 'Non-binary', 'Divorced', 1, 
        0, 'Own', '$100k+');
INSERT INTO Customers VALUES (
        19, 62, 'Male', 'Married', 2, 
        2, 'Rent', '$50k-$75k');
INSERT INTO Customers VALUES (
        20, 54, 'Non-binary', 'Single', 4, 
        3, 'Rent', '$75k-$100k');
INSERT INTO Customers VALUES (
        21, 24, 'Non-binary', 'Divorced', 2, 
        1, 'Own', '$100k+');
INSERT INTO Customers VALUES (
        22, 28, 'Male', 'Single', 5, 
        0, 'Rent', '$100k+');
INSERT INTO Customers VALUES (
        23, 22, 'Non-binary', 'Divorced', 1, 
        1, 'Rent', '$75k-$100k');
INSERT INTO Customers VALUES (
        24, 51, 'Non-binary', 'Divorced', 4, 
        0, 'Own', '$50k-$75k');
INSERT INTO Customers VALUES (
        25, 53, 'Male', 'Married', 3, 
        1, 'Rent', '$75k-$100k');
INSERT INTO Customers VALUES (
        26, 35, 'Male', 'Single', 1, 
        2, 'Rent', '$25k-$50k');
INSERT INTO Customers VALUES (
        27, 59, 'Female', 'Divorced', 2, 
        2, 'Rent', '$75k-$100k');
INSERT INTO Customers VALUES (
        28, 37, 'Female', 'Married', 1, 
        2, 'Rent', '$25k-$50k');
INSERT INTO Customers VALUES (
        29, 49, 'Male', 'Married', 4, 
        2, 'Rent', '$25k-$50k');
INSERT INTO Customers VALUES (
        30, 24, 'Female', 'Single', 3, 
        2, 'Own', '$75k-$100k');
INSERT INTO Customers VALUES (
        31, 20, 'Female', 'Single', 4, 
        1, 'Rent', '$100k+');
INSERT INTO Customers VALUES (
        32, 20, 'Female', 'Divorced', 2, 
        2, 'Rent', '$25k-$50k');
INSERT INTO Customers VALUES (
        33, 50, 'Non-binary', 'Married', 4, 
        0, 'Rent', '$100k+');
INSERT INTO Customers VALUES (
        34, 43, 'Non-binary', 'Single', 1, 
        0, 'Rent', '$50k-$75k');
INSERT INTO Customers VALUES (
        35, 29, 'Female', 'Single', 4, 
        1, 'Rent', '$100k+');
INSERT INTO Customers VALUES (
        36, 53, 'Non-binary', 'Married', 4, 
        2, 'Rent', '$100k+');
INSERT INTO Customers VALUES (
        37, 24, 'Female', 'Married', 1, 
        2, 'Rent', '$75k-$100k');
INSERT INTO Customers VALUES (
        38, 46, 'Male', 'Divorced', 5, 
        0, 'Rent', '$50k-$75k');
INSERT INTO Customers VALUES (
        39, 32, 'Male', 'Divorced', 1, 
        0, 'Rent', '$100k+');
INSERT INTO Customers VALUES (
        40, 50, 'Female', 'Single', 3, 
        3, 'Rent', '$25k-$50k');
INSERT INTO Offices VALUES (
        'OF1', 'City1', '555-000-0001', 
        'Addr1', 'Suite1', 'ST', 'USA', '60601', 'T1');
INSERT INTO Offices VALUES (
        'OF2', 'City2', '555-000-0002', 
        'Addr2', 'Suite2', 'ST', 'USA', '60602', 'T2');
INSERT INTO Offices VALUES (
        'OF3', 'City3', '555-000-0003', 
        'Addr3', 'Suite3', 'ST', 'USA', '60603', 'T3');
INSERT INTO Employees VALUES (
        1, 'Last1', 'First1', 'x101', 
        'employee1@company.com', 'OF2', 
        NULL, 'Sales Rep', 'Sales', 
        5.78);
INSERT INTO Employees VALUES (
        2, 'Last2', 'First2', 'x102', 
        'employee2@company.com', 'OF3', 
        1, 'Sales Rep', 'Sales', 
        5.87);
INSERT INTO Employees VALUES (
        3, 'Last3', 'First3', 'x103', 
        'employee3@company.com', 'OF1', 
        2, 'Sales Rep', 'Sales', 
        5.28);
INSERT INTO Employees VALUES (
        4, 'Last4', 'First4', 'x104', 
        'employee4@company.com', 'OF2', 
        3, 'Sales Rep', 'Sales', 
        8.11);
INSERT INTO Employees VALUES (
        5, 'Last5', 'First5', 'x105', 
        'employee5@company.com', 'OF3', 
        4, 'Sales Rep', 'Sales', 
        6.11);
INSERT INTO Employees VALUES (
        6, 'Last6', 'First6', 'x106', 
        'employee6@company.com', 'OF1', 
        5, 'Sales Rep', 'Sales', 
        5.40);
INSERT INTO Employees VALUES (
        7, 'Last7', 'First7', 'x107', 
        'employee7@company.com', 'OF2', 
        6, 'Sales Rep', 'Sales', 
        8.01);
INSERT INTO Employees VALUES (
        8, 'Last8', 'First8', 'x108', 
        'employee8@company.com', 'OF3', 
        7, 'Sales Rep', 'Sales', 
        3.48);
INSERT INTO Employees VALUES (
        9, 'Last9', 'First9', 'x109', 
        'employee9@company.com', 'OF1', 
        8, 'Sales Rep', 'Sales', 
        5.36);
INSERT INTO Employees VALUES (
        10, 'Last10', 'First10', 'x110', 
        'employee10@company.com', 'OF2', 
        9, 'Sales Rep', 'Sales', 
        4.13);
INSERT INTO Employees VALUES (
        11, 'Last11', 'First11', 'x111', 
        'employee11@company.com', 'OF3', 
        10, 'Sales Rep', 'Marketing', 
        5.16);
INSERT INTO Employees VALUES (
        12, 'Last12', 'First12', 'x112', 
        'employee12@company.com', 'OF1', 
        11, 'Sales Rep', 'Support', 
        4.99);
INSERT INTO Employees VALUES (
        13, 'Last13', 'First13', 'x113', 
        'employee13@company.com', 'OF2', 
        12, 'Sales Rep', 'HR', 
        3.50);
INSERT INTO Employees VALUES (
        14, 'Last14', 'First14', 'x114', 
        'employee14@company.com', 'OF3', 
        13, 'Sales Rep', 'Engineering', 
        9.53);
INSERT INTO Employees VALUES (
        15, 'Last15', 'First15', 'x115', 
        'employee15@company.com', 'OF1', 
        14, 'Sales Rep', 'Sales', 
        9.80);
INSERT INTO Employees VALUES (
        16, 'Last16', 'First16', 'x116', 
        'employee16@company.com', 'OF2', 
        15, 'Sales Rep', 'Marketing', 
        5.44);
INSERT INTO Employees VALUES (
        17, 'Last17', 'First17', 'x117', 
        'employee17@company.com', 'OF3', 
        16, 'Sales Rep', 'Support', 
        3.92);
INSERT INTO Employees VALUES (
        18, 'Last18', 'First18', 'x118', 
        'employee18@company.com', 'OF1', 
        17, 'Sales Rep', 'HR', 
        7.41);
INSERT INTO Employees VALUES (
        19, 'Last19', 'First19', 'x119', 
        'employee19@company.com', 'OF2', 
        18, 'Sales Rep', 'Engineering', 
        5.86);
INSERT INTO Employees VALUES (
        20, 'Last20', 'First20', 'x120', 
        'employee20@company.com', 'OF3', 
        19, 'Sales Rep', 'Sales', 
        3.01);
INSERT INTO ProductLines VALUES (
        'Line1', 'Description for Line1', '<p>HTML1</p>', NULL);
INSERT INTO ProductLines VALUES (
        'Line2', 'Description for Line2', '<p>HTML2</p>', NULL);
INSERT INTO ProductLines VALUES (
        'Line3', 'Description for Line3', '<p>HTML3</p>', NULL);
INSERT INTO ProductLines VALUES (
        'Line4', 'Description for Line4', '<p>HTML4</p>', NULL);
INSERT INTO ProductLines VALUES (
        'Line5', 'Description for Line5', '<p>HTML5</p>', NULL);
INSERT INTO Products VALUES (
        'P001', 'Product1', 'Line2', 
        'Medium', 'Vendor1', 'Description1', 
        88, 29.99, 49.99);
INSERT INTO Products VALUES (
        'P002', 'Product2', 'Line3', 
        'Medium', 'Vendor2', 'Description2', 
        95, 29.99, 49.99);
INSERT INTO Products VALUES (
        'P003', 'Product3', 'Line4', 
        'Medium', 'Vendor3', 'Description3', 
        57, 29.99, 49.99);
INSERT INTO Products VALUES (
        'P004', 'Product4', 'Line5', 
        'Medium', 'Vendor4', 'Description4', 
        48, 29.99, 49.99);
INSERT INTO Products VALUES (
        'P005', 'Product5', 'Line1', 
        'Medium', 'Vendor5', 'Description5', 
        55, 29.99, 49.99);
INSERT INTO Products VALUES (
        'P006', 'Product6', 'Line2', 
        'Medium', 'Vendor6', 'Description6', 
        97, 29.99, 49.99);
INSERT INTO Products VALUES (
        'P007', 'Product7', 'Line3', 
        'Medium', 'Vendor7', 'Description7', 
        27, 29.99, 49.99);
INSERT INTO Products VALUES (
        'P008', 'Product8', 'Line4', 
        'Medium', 'Vendor8', 'Description8', 
        93, 29.99, 49.99);
INSERT INTO Products VALUES (
        'P009', 'Product9', 'Line5', 
        'Medium', 'Vendor9', 'Description9', 
        69, 29.99, 49.99);
INSERT INTO Products VALUES (
        'P010', 'Product10', 'Line1', 
        'Medium', 'Vendor10', 'Description10', 
        100, 29.99, 49.99);
INSERT INTO Products VALUES (
        'P011', 'Product11', 'Line2', 
        'Medium', 'Vendor11', 'Description11', 
        77, 29.99, 49.99);
INSERT INTO Products VALUES (
        'P012', 'Product12', 'Line3', 
        'Medium', 'Vendor12', 'Description12', 
        61, 29.99, 49.99);
INSERT INTO Products VALUES (
        'P013', 'Product13', 'Line4', 
        'Medium', 'Vendor13', 'Description13', 
        88, 29.99, 49.99);
INSERT INTO Products VALUES (
        'P014', 'Product14', 'Line5', 
        'Medium', 'Vendor14', 'Description14', 
        82, 29.99, 49.99);
INSERT INTO Products VALUES (
        'P015', 'Product15', 'Line1', 
        'Medium', 'Vendor15', 'Description15', 
        71, 29.99, 49.99);
INSERT INTO Products VALUES (
        'P016', 'Product16', 'Line2', 
        'Medium', 'Vendor16', 'Description16', 
        92, 29.99, 49.99);
INSERT INTO Products VALUES (
        'P017', 'Product17', 'Line3', 
        'Medium', 'Vendor17', 'Description17', 
        47, 29.99, 49.99);
INSERT INTO Products VALUES (
        'P018', 'Product18', 'Line4', 
        'Medium', 'Vendor18', 'Description18', 
        20, 29.99, 49.99);
INSERT INTO Products VALUES (
        'P019', 'Product19', 'Line5', 
        'Medium', 'Vendor19', 'Description19', 
        32, 29.99, 49.99);
INSERT INTO Products VALUES (
        'P020', 'Product20', 'Line1', 
        'Medium', 'Vendor20', 'Description20', 
        89, 29.99, 49.99);
INSERT INTO Orders VALUES (
        1, '2024-04-22', '2024-02-13', 
        '2024-12-23', 'Shipped', 'No comment', 
        29, 15);
INSERT INTO Orders VALUES (
        2, '2024-06-21', '2024-01-22', 
        '2024-05-17', 'Shipped', 'No comment', 
        11, 15);
INSERT INTO Orders VALUES (
        3, '2024-03-04', '2024-05-19', 
        '2024-05-12', 'Shipped', 'No comment', 
        2, 4);
INSERT INTO Orders VALUES (
        4, '2024-11-25', '2024-05-25', 
        '2024-08-03', 'Shipped', 'No comment', 
        30, 4);
INSERT INTO Orders VALUES (
        5, '2024-04-08', '2024-02-23', 
        '2024-11-08', 'Shipped', 'No comment', 
        35, 13);
INSERT INTO Orders VALUES (
        6, '2024-04-21', '2024-07-13', 
        '2024-10-23', 'Shipped', 'No comment', 
        18, 6);
INSERT INTO Orders VALUES (
        7, '2024-05-03', '2024-10-13', 
        '2024-08-24', 'Shipped', 'No comment', 
        20, 13);
INSERT INTO Orders VALUES (
        8, '2024-11-12', '2024-01-09', 
        '2024-02-10', 'Shipped', 'No comment', 
        8, 5);
INSERT INTO Orders VALUES (
        9, '2024-06-20', '2024-03-04', 
        '2024-04-26', 'Shipped', 'No comment', 
        17, 1);
INSERT INTO Orders VALUES (
        10, '2024-03-12', '2024-06-11', 
        '2024-11-18', 'Shipped', 'No comment', 
        7, 17);
INSERT INTO Orders VALUES (
        11, '2024-10-26', '2024-08-09', 
        '2024-07-27', 'Shipped', 'No comment', 
        31, 12);
INSERT INTO Orders VALUES (
        12, '2024-12-10', '2024-06-28', 
        '2024-04-08', 'Shipped', 'No comment', 
        37, 13);
INSERT INTO Orders VALUES (
        13, '2024-08-20', '2024-05-10', 
        '2024-01-22', 'Shipped', 'No comment', 
        35, 14);
INSERT INTO Orders VALUES (
        14, '2024-10-27', '2024-06-14', 
        '2024-09-09', 'Shipped', 'No comment', 
        19, 1);
INSERT INTO Orders VALUES (
        15, '2024-12-18', '2024-09-06', 
        '2024-04-02', 'Shipped', 'No comment', 
        19, 6);
INSERT INTO Orders VALUES (
        16, '2024-12-23', '2024-05-13', 
        '2024-08-08', 'Shipped', 'No comment', 
        39, 9);
INSERT INTO Orders VALUES (
        17, '2024-04-25', '2024-12-13', 
        '2024-12-28', 'Shipped', 'No comment', 
        14, 5);
INSERT INTO Orders VALUES (
        18, '2024-08-15', '2024-07-16', 
        '2024-12-22', 'Shipped', 'No comment', 
        38, 13);
INSERT INTO Orders VALUES (
        19, '2024-12-01', '2024-04-22', 
        '2024-05-08', 'Shipped', 'No comment', 
        5, 16);
INSERT INTO Orders VALUES (
        20, '2024-12-07', '2024-04-05', 
        '2024-05-04', 'Shipped', 'No comment', 
        20, 1);
INSERT INTO Orders VALUES (
        21, '2024-05-12', '2024-01-22', 
        '2024-03-26', 'Shipped', 'No comment', 
        30, 8);
INSERT INTO Orders VALUES (
        22, '2024-05-28', '2024-01-06', 
        '2024-11-14', 'Shipped', 'No comment', 
        38, 13);
INSERT INTO Orders VALUES (
        23, '2024-01-28', '2024-12-10', 
        '2024-09-24', 'Shipped', 'No comment', 
        40, 11);
INSERT INTO Orders VALUES (
        24, '2024-05-13', '2024-05-15', 
        '2024-09-13', 'Shipped', 'No comment', 
        31, 7);
INSERT INTO Orders VALUES (
        25, '2024-02-11', '2024-01-19', 
        '2024-09-10', 'Shipped', 'No comment', 
        8, 2);
INSERT INTO Orders VALUES (
        26, '2024-11-25', '2024-07-27', 
        '2024-01-24', 'Shipped', 'No comment', 
        32, 8);
INSERT INTO Orders VALUES (
        27, '2024-09-23', '2024-10-04', 
        '2024-11-05', 'Shipped', 'No comment', 
        15, 8);
INSERT INTO Orders VALUES (
        28, '2024-12-11', '2024-02-20', 
        '2024-02-01', 'Shipped', 'No comment', 
        23, 5);
INSERT INTO Orders VALUES (
        29, '2024-10-22', '2024-01-06', 
        '2024-10-22', 'Shipped', 'No comment', 
        9, 17);
INSERT INTO Orders VALUES (
        30, '2024-05-04', '2024-06-26', 
        '2024-02-13', 'Shipped', 'No comment', 
        11, 18);
INSERT INTO Orders VALUES (
        31, '2025-08-28', '2025-01-12', 
        '2025-04-06', 'Shipped', 'No comment', 
        4, 15);
INSERT INTO Orders VALUES (
        32, '2025-01-07', '2025-04-08', 
        '2025-03-18', 'Shipped', 'No comment', 
        16, 12);
INSERT INTO Orders VALUES (
        33, '2025-08-13', '2025-12-10', 
        '2025-06-14', 'Shipped', 'No comment', 
        20, 5);
INSERT INTO Orders VALUES (
        34, '2025-10-05', '2025-05-11', 
        '2025-08-23', 'Shipped', 'No comment', 
        14, 8);
INSERT INTO Orders VALUES (
        35, '2025-05-23', '2025-01-05', 
        '2025-10-13', 'Shipped', 'No comment', 
        9, 20);
INSERT INTO Orders VALUES (
        36, '2025-09-25', '2025-08-13', 
        '2025-10-10', 'Shipped', 'No comment', 
        17, 1);
INSERT INTO Orders VALUES (
        37, '2025-12-27', '2025-11-12', 
        '2025-09-20', 'Shipped', 'No comment', 
        30, 9);
INSERT INTO Orders VALUES (
        38, '2025-06-19', '2025-01-08', 
        '2025-11-08', 'Shipped', 'No comment', 
        9, 9);
INSERT INTO Orders VALUES (
        39, '2025-07-26', '2025-08-07', 
        '2025-11-15', 'Shipped', 'No comment', 
        39, 3);
INSERT INTO Orders VALUES (
        40, '2025-10-19', '2025-11-03', 
        '2025-02-25', 'Shipped', 'No comment', 
        30, 1);
INSERT INTO OrderDetails VALUES (
        1, 'P007', 4, 49.99, 1);
INSERT INTO OrderDetails VALUES (
        2, 'P019', 2, 49.99, 1);
INSERT INTO OrderDetails VALUES (
        3, 'P001', 3, 49.99, 1);
INSERT INTO OrderDetails VALUES (
        4, 'P008', 4, 49.99, 1);
INSERT INTO OrderDetails VALUES (
        5, 'P015', 5, 49.99, 1);
INSERT INTO OrderDetails VALUES (
        6, 'P010', 1, 49.99, 1);
INSERT INTO OrderDetails VALUES (
        7, 'P013', 1, 49.99, 1);
INSERT INTO OrderDetails VALUES (
        8, 'P005', 1, 49.99, 1);
INSERT INTO OrderDetails VALUES (
        9, 'P012', 1, 49.99, 1);
INSERT INTO OrderDetails VALUES (
        10, 'P002', 2, 49.99, 1);
INSERT INTO OrderDetails VALUES (
        11, 'P002', 1, 49.99, 1);
INSERT INTO OrderDetails VALUES (
        12, 'P015', 3, 49.99, 1);
INSERT INTO OrderDetails VALUES (
        13, 'P016', 2, 49.99, 1);
INSERT INTO OrderDetails VALUES (
        14, 'P019', 4, 49.99, 1);
INSERT INTO OrderDetails VALUES (
        15, 'P005', 4, 49.99, 1);
INSERT INTO OrderDetails VALUES (
        16, 'P010', 1, 49.99, 1);
INSERT INTO OrderDetails VALUES (
        17, 'P002', 1, 49.99, 1);
INSERT INTO OrderDetails VALUES (
        18, 'P004', 3, 49.99, 1);
INSERT INTO OrderDetails VALUES (
        19, 'P013', 2, 49.99, 1);
INSERT INTO OrderDetails VALUES (
        20, 'P007', 4, 49.99, 1);
INSERT INTO OrderDetails VALUES (
        21, 'P003', 4, 49.99, 1);
INSERT INTO OrderDetails VALUES (
        22, 'P002', 5, 49.99, 1);
INSERT INTO OrderDetails VALUES (
        23, 'P005', 3, 49.99, 1);
INSERT INTO OrderDetails VALUES (
        24, 'P012', 3, 49.99, 1);
INSERT INTO OrderDetails VALUES (
        25, 'P016', 5, 49.99, 1);
INSERT INTO OrderDetails VALUES (
        26, 'P015', 3, 49.99, 1);
INSERT INTO OrderDetails VALUES (
        27, 'P001', 5, 49.99, 1);
INSERT INTO OrderDetails VALUES (
        28, 'P011', 2, 49.99, 1);
INSERT INTO OrderDetails VALUES (
        29, 'P014', 2, 49.99, 1);
INSERT INTO OrderDetails VALUES (
        30, 'P003', 5, 49.99, 1);
INSERT INTO OrderDetails VALUES (
        31, 'P001', 4, 49.99, 1);
INSERT INTO OrderDetails VALUES (
        32, 'P013', 5, 49.99, 1);
INSERT INTO OrderDetails VALUES (
        33, 'P016', 1, 49.99, 1);
INSERT INTO OrderDetails VALUES (
        34, 'P017', 4, 49.99, 1);
INSERT INTO OrderDetails VALUES (
        35, 'P005', 2, 49.99, 1);
INSERT INTO OrderDetails VALUES (
        36, 'P004', 5, 49.99, 1);
INSERT INTO OrderDetails VALUES (
        37, 'P018', 2, 49.99, 1);
INSERT INTO OrderDetails VALUES (
        38, 'P004', 3, 49.99, 1);
INSERT INTO OrderDetails VALUES (
        39, 'P013', 3, 49.99, 1);
INSERT INTO OrderDetails VALUES (
        40, 'P009', 5, 49.99, 1);
INSERT INTO Payments VALUES (
        1, 'CHK00001', '2024-05-21', 115.77);
INSERT INTO Payments VALUES (
        2, 'CHK00002', '2024-01-05', 158.91);
INSERT INTO Payments VALUES (
        3, 'CHK00003', '2024-12-01', 100.03);
INSERT INTO Payments VALUES (
        4, 'CHK00004', '2024-03-11', 72.63);
INSERT INTO Payments VALUES (
        5, 'CHK00005', '2024-01-13', 198.64);
INSERT INTO Payments VALUES (
        6, 'CHK00006', '2024-08-19', 62.87);
INSERT INTO Payments VALUES (
        7, 'CHK00007', '2024-11-26', 65.77);
INSERT INTO Payments VALUES (
        8, 'CHK00008', '2024-11-25', 170.26);
INSERT INTO Payments VALUES (
        9, 'CHK00009', '2024-01-19', 153.28);
INSERT INTO Payments VALUES (
        10, 'CHK00010', '2024-09-15', 120.38);
INSERT INTO Payments VALUES (
        11, 'CHK00011', '2024-11-08', 110.85);
INSERT INTO Payments VALUES (
        12, 'CHK00012', '2024-05-14', 120.26);
INSERT INTO Payments VALUES (
        13, 'CHK00013', '2024-08-12', 135.19);
INSERT INTO Payments VALUES (
        14, 'CHK00014', '2024-10-12', 161.26);
INSERT INTO Payments VALUES (
        15, 'CHK00015', '2024-09-19', 164.80);
INSERT INTO Payments VALUES (
        16, 'CHK00016', '2024-11-19', 129.09);
INSERT INTO Payments VALUES (
        17, 'CHK00017', '2024-04-15', 167.10);
INSERT INTO Payments VALUES (
        18, 'CHK00018', '2024-04-23', 64.50);
INSERT INTO Payments VALUES (
        19, 'CHK00019', '2024-08-11', 122.45);
INSERT INTO Payments VALUES (
        20, 'CHK00020', '2024-06-12', 198.61);
INSERT INTO Payments VALUES (
        21, 'CHK00021', '2024-09-08', 169.36);
INSERT INTO Payments VALUES (
        22, 'CHK00022', '2024-06-27', 160.61);
INSERT INTO Payments VALUES (
        23, 'CHK00023', '2024-01-10', 121.77);
INSERT INTO Payments VALUES (
        24, 'CHK00024', '2024-11-22', 63.84);
INSERT INTO Payments VALUES (
        25, 'CHK00025', '2024-03-21', 96.21);
INSERT INTO Payments VALUES (
        26, 'CHK00026', '2024-10-25', 184.76);
INSERT INTO Payments VALUES (
        27, 'CHK00027', '2024-12-01', 195.35);
INSERT INTO Payments VALUES (
        28, 'CHK00028', '2024-04-15', 162.63);
INSERT INTO Payments VALUES (
        29, 'CHK00029', '2024-06-02', 54.70);
INSERT INTO Payments VALUES (
        30, 'CHK00030', '2024-03-14', 57.76);
INSERT INTO Payments VALUES (
        31, 'CHK00031', '2025-06-15', 157.17);
INSERT INTO Payments VALUES (
        32, 'CHK00032', '2025-05-19', 84.20);
INSERT INTO Payments VALUES (
        33, 'CHK00033', '2025-06-15', 177.60);
INSERT INTO Payments VALUES (
        34, 'CHK00034', '2025-10-03', 186.55);
INSERT INTO Payments VALUES (
        35, 'CHK00035', '2025-12-24', 123.26);
INSERT INTO Payments VALUES (
        36, 'CHK00036', '2025-10-22', 130.42);
INSERT INTO Payments VALUES (
        37, 'CHK00037', '2025-05-22', 190.82);
INSERT INTO Payments VALUES (
        38, 'CHK00038', '2025-01-07', 132.12);
INSERT INTO Payments VALUES (
        39, 'CHK00039', '2025-07-05', 178.74);
INSERT INTO Payments VALUES (
        40, 'CHK00040', '2025-08-26', 82.40);