INSERT INTO ProductSupplier (supplier_id, product_code) VALUES (supplier_id, 'product_code');
INSERT INTO Departments (department_id, department_name) VALUES (1, 'Department 1');
INSERT INTO Departments (department_id, department_name) VALUES (2, 'Department 2');
INSERT INTO Departments (department_id, department_name) VALUES (3, 'Department 3');
INSERT INTO Departments (department_id, department_name) VALUES (4, 'Department 4');
INSERT INTO Departments (department_id, department_name) VALUES (5, 'Department 5');
INSERT INTO Offices (office_id, office_name, city) VALUES (1, 'Office 1', 'City 1');
INSERT INTO Offices (office_id, office_name, city) VALUES (2, 'Office 2', 'City 2');
INSERT INTO Offices (office_id, office_name, city) VALUES (3, 'Office 3', 'City 3');
INSERT INTO Offices (office_id, office_name, city) VALUES (4, 'Office 4', 'City 4');
INSERT INTO Offices (office_id, office_name, city) VALUES (5, 'Office 5', 'City 5');
INSERT INTO Customers (customer_id, name, email) VALUES (1, 'Customer 1', 'customer_1@example.com');
INSERT INTO Customers (customer_id, name, email) VALUES (2, 'Customer 2', 'customer_2@example.com');
INSERT INTO Customers (customer_id, name, email) VALUES (3, 'Customer 3', 'customer_3@example.com');
INSERT INTO Customers (customer_id, name, email) VALUES (4, 'Customer 4', 'customer_4@example.com');
INSERT INTO Customers (customer_id, name, email) VALUES (5, 'Customer 5', 'customer_5@example.com');
INSERT INTO Customers (customer_id, name, email) VALUES (6, 'Customer 6', 'customer_6@example.com');
INSERT INTO Customers (customer_id, name, email) VALUES (7, 'Customer 7', 'customer_7@example.com');
INSERT INTO Customers (customer_id, name, email) VALUES (8, 'Customer 8', 'customer_8@example.com');
INSERT INTO Customers (customer_id, name, email) VALUES (9, 'Customer 9', 'customer_9@example.com');
INSERT INTO Customers (customer_id, name, email) VALUES (10, 'Customer 10', 'customer_10@example.com');
INSERT INTO Customers (customer_id, name, email) VALUES (11, 'Customer 11', 'customer_11@example.com');
INSERT INTO Customers (customer_id, name, email) VALUES (12, 'Customer 12', 'customer_12@example.com');
INSERT INTO Customers (customer_id, name, email) VALUES (13, 'Customer 13', 'customer_13@example.com');
INSERT INTO Customers (customer_id, name, email) VALUES (14, 'Customer 14', 'customer_14@example.com');
INSERT INTO Customers (customer_id, name, email) VALUES (15, 'Customer 15', 'customer_15@example.com');
INSERT INTO Customers (customer_id, name, email) VALUES (16, 'Customer 16', 'customer_16@example.com');
INSERT INTO Customers (customer_id, name, email) VALUES (17, 'Customer 17', 'customer_17@example.com');
INSERT INTO Customers (customer_id, name, email) VALUES (18, 'Customer 18', 'customer_18@example.com');
INSERT INTO Customers (customer_id, name, email) VALUES (19, 'Customer 19', 'customer_19@example.com');
INSERT INTO Customers (customer_id, name, email) VALUES (20, 'Customer 20', 'customer_20@example.com');
INSERT INTO Customers (customer_id, name, email) VALUES (21, 'Customer 21', 'customer_21@example.com');
INSERT INTO Customers (customer_id, name, email) VALUES (22, 'Customer 22', 'customer_22@example.com');
INSERT INTO Customers (customer_id, name, email) VALUES (23, 'Customer 23', 'customer_23@example.com');
INSERT INTO Customers (customer_id, name, email) VALUES (24, 'Customer 24', 'customer_24@example.com');
INSERT INTO Customers (customer_id, name, email) VALUES (25, 'Customer 25', 'customer_25@example.com');
INSERT INTO Customers (customer_id, name, email) VALUES (26, 'Customer 26', 'customer_26@example.com');
INSERT INTO Customers (customer_id, name, email) VALUES (27, 'Customer 27', 'customer_27@example.com');
INSERT INTO Customers (customer_id, name, email) VALUES (28, 'Customer 28', 'customer_28@example.com');
INSERT INTO Customers (customer_id, name, email) VALUES (29, 'Customer 29', 'customer_29@example.com');
INSERT INTO Customers (customer_id, name, email) VALUES (30, 'Customer 30', 'customer_30@example.com');
INSERT INTO Customers (customer_id, name, email) VALUES (31, 'Customer 31', 'customer_31@example.com');
INSERT INTO Customers (customer_id, name, email) VALUES (32, 'Customer 32', 'customer_32@example.com');
INSERT INTO Customers (customer_id, name, email) VALUES (33, 'Customer 33', 'customer_33@example.com');
INSERT INTO Customers (customer_id, name, email) VALUES (34, 'Customer 34', 'customer_34@example.com');
INSERT INTO Customers (customer_id, name, email) VALUES (35, 'Customer 35', 'customer_35@example.com');
INSERT INTO Customers (customer_id, name, email) VALUES (36, 'Customer 36', 'customer_36@example.com');
INSERT INTO Customers (customer_id, name, email) VALUES (37, 'Customer 37', 'customer_37@example.com');
INSERT INTO Customers (customer_id, name, email) VALUES (38, 'Customer 38', 'customer_38@example.com');
INSERT INTO Customers (customer_id, name, email) VALUES (39, 'Customer 39', 'customer_39@example.com');
INSERT INTO Customers (customer_id, name, email) VALUES (40, 'Customer 40', 'customer_40@example.com');
INSERT INTO Customers (customer_id, name, email) VALUES (41, 'Customer 41', 'customer_41@example.com');
INSERT INTO Customers (customer_id, name, email) VALUES (42, 'Customer 42', 'customer_42@example.com');
INSERT INTO Customers (customer_id, name, email) VALUES (43, 'Customer 43', 'customer_43@example.com');
INSERT INTO Customers (customer_id, name, email) VALUES (44, 'Customer 44', 'customer_44@example.com');
INSERT INTO Customers (customer_id, name, email) VALUES (45, 'Customer 45', 'customer_45@example.com');
INSERT INTO Customers (customer_id, name, email) VALUES (46, 'Customer 46', 'customer_46@example.com');
INSERT INTO Customers (customer_id, name, email) VALUES (47, 'Customer 47', 'customer_47@example.com');
INSERT INTO Customers (customer_id, name, email) VALUES (48, 'Customer 48', 'customer_48@example.com');
INSERT INTO Customers (customer_id, name, email) VALUES (49, 'Customer 49', 'customer_49@example.com');
INSERT INTO Customers (customer_id, name, email) VALUES (50, 'Customer 50', 'customer_50@example.com');
INSERT INTO Customers (customer_id, name, email) VALUES (51, 'Customer 51', 'customer_51@example.com');
INSERT INTO Customers (customer_id, name, email) VALUES (52, 'Customer 52', 'customer_52@example.com');
INSERT INTO Customers (customer_id, name, email) VALUES (53, 'Customer 53', 'customer_53@example.com');
INSERT INTO Customers (customer_id, name, email) VALUES (54, 'Customer 54', 'customer_54@example.com');
INSERT INTO Customers (customer_id, name, email) VALUES (55, 'Customer 55', 'customer_55@example.com');
INSERT INTO Customers (customer_id, name, email) VALUES (56, 'Customer 56', 'customer_56@example.com');
INSERT INTO Customers (customer_id, name, email) VALUES (57, 'Customer 57', 'customer_57@example.com');
INSERT INTO Customers (customer_id, name, email) VALUES (58, 'Customer 58', 'customer_58@example.com');
INSERT INTO Customers (customer_id, name, email) VALUES (59, 'Customer 59', 'customer_59@example.com');
INSERT INTO Customers (customer_id, name, email) VALUES (60, 'Customer 60', 'customer_60@example.com');
INSERT INTO CustomerContact (contact_id, customer_id, phone, address) VALUES (1, 1, '555-01001', 'Address 1');
INSERT INTO CustomerContact (contact_id, customer_id, phone, address) VALUES (2, 2, '555-01002', 'Address 2');
INSERT INTO CustomerContact (contact_id, customer_id, phone, address) VALUES (3, 3, '555-01003', 'Address 3');
INSERT INTO CustomerContact (contact_id, customer_id, phone, address) VALUES (4, 4, '555-01004', 'Address 4');
INSERT INTO CustomerContact (contact_id, customer_id, phone, address) VALUES (5, 5, '555-01005', 'Address 5');
INSERT INTO CustomerContact (contact_id, customer_id, phone, address) VALUES (6, 6, '555-01006', 'Address 6');
INSERT INTO CustomerContact (contact_id, customer_id, phone, address) VALUES (7, 7, '555-01007', 'Address 7');
INSERT INTO CustomerContact (contact_id, customer_id, phone, address) VALUES (8, 8, '555-01008', 'Address 8');
INSERT INTO CustomerContact (contact_id, customer_id, phone, address) VALUES (9, 9, '555-01009', 'Address 9');
INSERT INTO CustomerContact (contact_id, customer_id, phone, address) VALUES (10, 10, '555-01010', 'Address 10');
INSERT INTO CustomerContact (contact_id, customer_id, phone, address) VALUES (11, 11, '555-01011', 'Address 11');
INSERT INTO CustomerContact (contact_id, customer_id, phone, address) VALUES (12, 12, '555-01012', 'Address 12');
INSERT INTO CustomerContact (contact_id, customer_id, phone, address) VALUES (13, 13, '555-01013', 'Address 13');
INSERT INTO CustomerContact (contact_id, customer_id, phone, address) VALUES (14, 14, '555-01014', 'Address 14');
INSERT INTO CustomerContact (contact_id, customer_id, phone, address) VALUES (15, 15, '555-01015', 'Address 15');
INSERT INTO CustomerContact (contact_id, customer_id, phone, address) VALUES (16, 16, '555-01016', 'Address 16');
INSERT INTO CustomerContact (contact_id, customer_id, phone, address) VALUES (17, 17, '555-01017', 'Address 17');
INSERT INTO CustomerContact (contact_id, customer_id, phone, address) VALUES (18, 18, '555-01018', 'Address 18');
INSERT INTO CustomerContact (contact_id, customer_id, phone, address) VALUES (19, 19, '555-01019', 'Address 19');
INSERT INTO CustomerContact (contact_id, customer_id, phone, address) VALUES (20, 20, '555-01020', 'Address 20');
INSERT INTO CustomerContact (contact_id, customer_id, phone, address) VALUES (21, 21, '555-01021', 'Address 21');
INSERT INTO CustomerContact (contact_id, customer_id, phone, address) VALUES (22, 22, '555-01022', 'Address 22');
INSERT INTO CustomerContact (contact_id, customer_id, phone, address) VALUES (23, 23, '555-01023', 'Address 23');
INSERT INTO CustomerContact (contact_id, customer_id, phone, address) VALUES (24, 24, '555-01024', 'Address 24');
INSERT INTO CustomerContact (contact_id, customer_id, phone, address) VALUES (25, 25, '555-01025', 'Address 25');
INSERT INTO CustomerContact (contact_id, customer_id, phone, address) VALUES (26, 26, '555-01026', 'Address 26');
INSERT INTO CustomerContact (contact_id, customer_id, phone, address) VALUES (27, 27, '555-01027', 'Address 27');
INSERT INTO CustomerContact (contact_id, customer_id, phone, address) VALUES (28, 28, '555-01028', 'Address 28');
INSERT INTO CustomerContact (contact_id, customer_id, phone, address) VALUES (29, 29, '555-01029', 'Address 29');
INSERT INTO CustomerContact (contact_id, customer_id, phone, address) VALUES (30, 30, '555-01030', 'Address 30');
INSERT INTO CustomerContact (contact_id, customer_id, phone, address) VALUES (31, 31, '555-01031', 'Address 31');
INSERT INTO CustomerContact (contact_id, customer_id, phone, address) VALUES (32, 32, '555-01032', 'Address 32');
INSERT INTO CustomerContact (contact_id, customer_id, phone, address) VALUES (33, 33, '555-01033', 'Address 33');
INSERT INTO CustomerContact (contact_id, customer_id, phone, address) VALUES (34, 34, '555-01034', 'Address 34');
INSERT INTO CustomerContact (contact_id, customer_id, phone, address) VALUES (35, 35, '555-01035', 'Address 35');
INSERT INTO CustomerContact (contact_id, customer_id, phone, address) VALUES (36, 36, '555-01036', 'Address 36');
INSERT INTO CustomerContact (contact_id, customer_id, phone, address) VALUES (37, 37, '555-01037', 'Address 37');
INSERT INTO CustomerContact (contact_id, customer_id, phone, address) VALUES (38, 38, '555-01038', 'Address 38');
INSERT INTO CustomerContact (contact_id, customer_id, phone, address) VALUES (39, 39, '555-01039', 'Address 39');
INSERT INTO CustomerContact (contact_id, customer_id, phone, address) VALUES (40, 40, '555-01040', 'Address 40');
INSERT INTO CustomerContact (contact_id, customer_id, phone, address) VALUES (41, 41, '555-01041', 'Address 41');
INSERT INTO CustomerContact (contact_id, customer_id, phone, address) VALUES (42, 42, '555-01042', 'Address 42');
INSERT INTO CustomerContact (contact_id, customer_id, phone, address) VALUES (43, 43, '555-01043', 'Address 43');
INSERT INTO CustomerContact (contact_id, customer_id, phone, address) VALUES (44, 44, '555-01044', 'Address 44');
INSERT INTO CustomerContact (contact_id, customer_id, phone, address) VALUES (45, 45, '555-01045', 'Address 45');
INSERT INTO CustomerContact (contact_id, customer_id, phone, address) VALUES (46, 46, '555-01046', 'Address 46');
INSERT INTO CustomerContact (contact_id, customer_id, phone, address) VALUES (47, 47, '555-01047', 'Address 47');
INSERT INTO CustomerContact (contact_id, customer_id, phone, address) VALUES (48, 48, '555-01048', 'Address 48');
INSERT INTO CustomerContact (contact_id, customer_id, phone, address) VALUES (49, 49, '555-01049', 'Address 49');
INSERT INTO CustomerContact (contact_id, customer_id, phone, address) VALUES (50, 50, '555-01050', 'Address 50');
INSERT INTO CustomerContact (contact_id, customer_id, phone, address) VALUES (51, 51, '555-01051', 'Address 51');
INSERT INTO CustomerContact (contact_id, customer_id, phone, address) VALUES (52, 52, '555-01052', 'Address 52');
INSERT INTO CustomerContact (contact_id, customer_id, phone, address) VALUES (53, 53, '555-01053', 'Address 53');
INSERT INTO CustomerContact (contact_id, customer_id, phone, address) VALUES (54, 54, '555-01054', 'Address 54');
INSERT INTO CustomerContact (contact_id, customer_id, phone, address) VALUES (55, 55, '555-01055', 'Address 55');
INSERT INTO CustomerContact (contact_id, customer_id, phone, address) VALUES (56, 56, '555-01056', 'Address 56');
INSERT INTO CustomerContact (contact_id, customer_id, phone, address) VALUES (57, 57, '555-01057', 'Address 57');
INSERT INTO CustomerContact (contact_id, customer_id, phone, address) VALUES (58, 58, '555-01058', 'Address 58');
INSERT INTO CustomerContact (contact_id, customer_id, phone, address) VALUES (59, 59, '555-01059', 'Address 59');
INSERT INTO CustomerContact (contact_id, customer_id, phone, address) VALUES (60, 60, '555-01060', 'Address 60');
INSERT INTO SurveyResponses (response_id, customer_id, response_text) VALUES (1, 1, 'Response text 1');
INSERT INTO SurveyResponses (response_id, customer_id, response_text) VALUES (2, 2, 'Response text 2');
INSERT INTO SurveyResponses (response_id, customer_id, response_text) VALUES (3, 3, 'Response text 3');
INSERT INTO SurveyResponses (response_id, customer_id, response_text) VALUES (4, 4, 'Response text 4');
INSERT INTO SurveyResponses (response_id, customer_id, response_text) VALUES (5, 5, 'Response text 5');
INSERT INTO SurveyResponses (response_id, customer_id, response_text) VALUES (6, 6, 'Response text 6');
INSERT INTO SurveyResponses (response_id, customer_id, response_text) VALUES (7, 7, 'Response text 7');
INSERT INTO SurveyResponses (response_id, customer_id, response_text) VALUES (8, 8, 'Response text 8');
INSERT INTO SurveyResponses (response_id, customer_id, response_text) VALUES (9, 9, 'Response text 9');
INSERT INTO SurveyResponses (response_id, customer_id, response_text) VALUES (10, 10, 'Response text 10');
INSERT INTO SurveyResponses (response_id, customer_id, response_text) VALUES (11, 11, 'Response text 11');
INSERT INTO SurveyResponses (response_id, customer_id, response_text) VALUES (12, 12, 'Response text 12');
INSERT INTO SurveyResponses (response_id, customer_id, response_text) VALUES (13, 13, 'Response text 13');
INSERT INTO SurveyResponses (response_id, customer_id, response_text) VALUES (14, 14, 'Response text 14');
INSERT INTO SurveyResponses (response_id, customer_id, response_text) VALUES (15, 15, 'Response text 15');
INSERT INTO SurveyResponses (response_id, customer_id, response_text) VALUES (16, 16, 'Response text 16');
INSERT INTO SurveyResponses (response_id, customer_id, response_text) VALUES (17, 17, 'Response text 17');
INSERT INTO SurveyResponses (response_id, customer_id, response_text) VALUES (18, 18, 'Response text 18');
INSERT INTO SurveyResponses (response_id, customer_id, response_text) VALUES (19, 19, 'Response text 19');
INSERT INTO SurveyResponses (response_id, customer_id, response_text) VALUES (20, 20, 'Response text 20');
INSERT INTO SurveyResponses (response_id, customer_id, response_text) VALUES (21, 21, 'Response text 21');
INSERT INTO SurveyResponses (response_id, customer_id, response_text) VALUES (22, 22, 'Response text 22');
INSERT INTO SurveyResponses (response_id, customer_id, response_text) VALUES (23, 23, 'Response text 23');
INSERT INTO SurveyResponses (response_id, customer_id, response_text) VALUES (24, 24, 'Response text 24');
INSERT INTO SurveyResponses (response_id, customer_id, response_text) VALUES (25, 25, 'Response text 25');
INSERT INTO SurveyResponses (response_id, customer_id, response_text) VALUES (26, 26, 'Response text 26');
INSERT INTO SurveyResponses (response_id, customer_id, response_text) VALUES (27, 27, 'Response text 27');
INSERT INTO SurveyResponses (response_id, customer_id, response_text) VALUES (28, 28, 'Response text 28');
INSERT INTO SurveyResponses (response_id, customer_id, response_text) VALUES (29, 29, 'Response text 29');
INSERT INTO SurveyResponses (response_id, customer_id, response_text) VALUES (30, 30, 'Response text 30');
INSERT INTO SurveyResponses (response_id, customer_id, response_text) VALUES (31, 31, 'Response text 31');
INSERT INTO SurveyResponses (response_id, customer_id, response_text) VALUES (32, 32, 'Response text 32');
INSERT INTO SurveyResponses (response_id, customer_id, response_text) VALUES (33, 33, 'Response text 33');
INSERT INTO SurveyResponses (response_id, customer_id, response_text) VALUES (34, 34, 'Response text 34');
INSERT INTO SurveyResponses (response_id, customer_id, response_text) VALUES (35, 35, 'Response text 35');
INSERT INTO SurveyResponses (response_id, customer_id, response_text) VALUES (36, 36, 'Response text 36');
INSERT INTO SurveyResponses (response_id, customer_id, response_text) VALUES (37, 37, 'Response text 37');
INSERT INTO SurveyResponses (response_id, customer_id, response_text) VALUES (38, 38, 'Response text 38');
INSERT INTO SurveyResponses (response_id, customer_id, response_text) VALUES (39, 39, 'Response text 39');
INSERT INTO SurveyResponses (response_id, customer_id, response_text) VALUES (40, 40, 'Response text 40');
INSERT INTO SurveyResponses (response_id, customer_id, response_text) VALUES (41, 41, 'Response text 41');
INSERT INTO SurveyResponses (response_id, customer_id, response_text) VALUES (42, 42, 'Response text 42');
INSERT INTO SurveyResponses (response_id, customer_id, response_text) VALUES (43, 43, 'Response text 43');
INSERT INTO SurveyResponses (response_id, customer_id, response_text) VALUES (44, 44, 'Response text 44');
INSERT INTO SurveyResponses (response_id, customer_id, response_text) VALUES (45, 45, 'Response text 45');
INSERT INTO SurveyResponses (response_id, customer_id, response_text) VALUES (46, 46, 'Response text 46');
INSERT INTO SurveyResponses (response_id, customer_id, response_text) VALUES (47, 47, 'Response text 47');
INSERT INTO SurveyResponses (response_id, customer_id, response_text) VALUES (48, 48, 'Response text 48');
INSERT INTO SurveyResponses (response_id, customer_id, response_text) VALUES (49, 49, 'Response text 49');
INSERT INTO SurveyResponses (response_id, customer_id, response_text) VALUES (50, 50, 'Response text 50');
INSERT INTO SurveyResponses (response_id, customer_id, response_text) VALUES (51, 51, 'Response text 51');
INSERT INTO SurveyResponses (response_id, customer_id, response_text) VALUES (52, 52, 'Response text 52');
INSERT INTO SurveyResponses (response_id, customer_id, response_text) VALUES (53, 53, 'Response text 53');
INSERT INTO SurveyResponses (response_id, customer_id, response_text) VALUES (54, 54, 'Response text 54');
INSERT INTO SurveyResponses (response_id, customer_id, response_text) VALUES (55, 55, 'Response text 55');
INSERT INTO SurveyResponses (response_id, customer_id, response_text) VALUES (56, 56, 'Response text 56');
INSERT INTO SurveyResponses (response_id, customer_id, response_text) VALUES (57, 57, 'Response text 57');
INSERT INTO SurveyResponses (response_id, customer_id, response_text) VALUES (58, 58, 'Response text 58');
INSERT INTO SurveyResponses (response_id, customer_id, response_text) VALUES (59, 59, 'Response text 59');
INSERT INTO SurveyResponses (response_id, customer_id, response_text) VALUES (60, 60, 'Response text 60');
INSERT INTO Employees (employee_id, office_id, department_id, name, commission) VALUES (1, 1, 1, 'Employee 1', 8.05);
INSERT INTO Employees (employee_id, office_id, department_id, name, commission) VALUES (2, 5, 2, 'Employee 2', 4.2);
INSERT INTO Employees (employee_id, office_id, department_id, name, commission) VALUES (3, 2, 2, 'Employee 3', 5.88);
INSERT INTO Employees (employee_id, office_id, department_id, name, commission) VALUES (4, 3, 5, 'Employee 4', 3.0);
INSERT INTO Employees (employee_id, office_id, department_id, name, commission) VALUES (5, 5, 2, 'Employee 5', 6.65);
INSERT INTO Employees (employee_id, office_id, department_id, name, commission) VALUES (6, 4, 1, 'Employee 6', 9.84);
INSERT INTO Employees (employee_id, office_id, department_id, name, commission) VALUES (7, 4, 3, 'Employee 7', 2.95);
INSERT INTO Employees (employee_id, office_id, department_id, name, commission) VALUES (8, 5, 2, 'Employee 8', 0.32);
INSERT INTO Employees (employee_id, office_id, department_id, name, commission) VALUES (9, 5, 1, 'Employee 9', 1.63);
INSERT INTO Employees (employee_id, office_id, department_id, name, commission) VALUES (10, 5, 2, 'Employee 10', 1.66);
INSERT INTO Employees (employee_id, office_id, department_id, name, commission) VALUES (11, 4, 3, 'Employee 11', 4.4);
INSERT INTO Employees (employee_id, office_id, department_id, name, commission) VALUES (12, 2, 1, 'Employee 12', 3.69);
INSERT INTO Employees (employee_id, office_id, department_id, name, commission) VALUES (13, 4, 5, 'Employee 13', 9.25);
INSERT INTO Employees (employee_id, office_id, department_id, name, commission) VALUES (14, 2, 1, 'Employee 14', 4.72);
INSERT INTO Employees (employee_id, office_id, department_id, name, commission) VALUES (15, 2, 5, 'Employee 15', 6.37);
INSERT INTO Employees (employee_id, office_id, department_id, name, commission) VALUES (16, 3, 1, 'Employee 16', 2.0);
INSERT INTO Employees (employee_id, office_id, department_id, name, commission) VALUES (17, 3, 4, 'Employee 17', 0.44);
INSERT INTO Employees (employee_id, office_id, department_id, name, commission) VALUES (18, 4, 5, 'Employee 18', 7.8);
INSERT INTO Employees (employee_id, office_id, department_id, name, commission) VALUES (19, 1, 5, 'Employee 19', 1.79);
INSERT INTO Employees (employee_id, office_id, department_id, name, commission) VALUES (20, 2, 5, 'Employee 20', 7.9);
INSERT INTO ProductLines (productline_id, line_name) VALUES (1, 'Product Line 1');
INSERT INTO ProductLines (productline_id, line_name) VALUES (2, 'Product Line 2');
INSERT INTO ProductLines (productline_id, line_name) VALUES (3, 'Product Line 3');
INSERT INTO ProductLines (productline_id, line_name) VALUES (4, 'Product Line 4');
INSERT INTO ProductLines (productline_id, line_name) VALUES (5, 'Product Line 5');
INSERT INTO Products (product_code, product_name, productline_id, MSRP) VALUES ('P0001', 'Product P0001', 4, 119.08);
INSERT INTO Products (product_code, product_name, productline_id, MSRP) VALUES ('P0002', 'Product P0002', 1, 151.83);
INSERT INTO Products (product_code, product_name, productline_id, MSRP) VALUES ('P0003', 'Product P0003', 4, 173.83);
INSERT INTO Products (product_code, product_name, productline_id, MSRP) VALUES ('P0004', 'Product P0004', 3, 179.31);
INSERT INTO Products (product_code, product_name, productline_id, MSRP) VALUES ('P0005', 'Product P0005', 2, 72.14);
INSERT INTO Products (product_code, product_name, productline_id, MSRP) VALUES ('P0006', 'Product P0006', 4, 162.96);
INSERT INTO Products (product_code, product_name, productline_id, MSRP) VALUES ('P0007', 'Product P0007', 3, 124.57);
INSERT INTO Products (product_code, product_name, productline_id, MSRP) VALUES ('P0008', 'Product P0008', 3, 116.39);
INSERT INTO Products (product_code, product_name, productline_id, MSRP) VALUES ('P0009', 'Product P0009', 5, 174.15);
INSERT INTO Products (product_code, product_name, productline_id, MSRP) VALUES ('P0010', 'Product P0010', 5, 191.2);
INSERT INTO Products (product_code, product_name, productline_id, MSRP) VALUES ('P0011', 'Product P0011', 4, 184.03);
INSERT INTO Products (product_code, product_name, productline_id, MSRP) VALUES ('P0012', 'Product P0012', 4, 102.25);
INSERT INTO Products (product_code, product_name, productline_id, MSRP) VALUES ('P0013', 'Product P0013', 1, 10.94);
INSERT INTO Products (product_code, product_name, productline_id, MSRP) VALUES ('P0014', 'Product P0014', 1, 125.64);
INSERT INTO Products (product_code, product_name, productline_id, MSRP) VALUES ('P0015', 'Product P0015', 1, 188.08);
INSERT INTO Products (product_code, product_name, productline_id, MSRP) VALUES ('P0016', 'Product P0016', 1, 168.06);
INSERT INTO Products (product_code, product_name, productline_id, MSRP) VALUES ('P0017', 'Product P0017', 4, 144.85);
INSERT INTO Products (product_code, product_name, productline_id, MSRP) VALUES ('P0018', 'Product P0018', 4, 143.83);
INSERT INTO Products (product_code, product_name, productline_id, MSRP) VALUES ('P0019', 'Product P0019', 2, 163.36);
INSERT INTO Products (product_code, product_name, productline_id, MSRP) VALUES ('P0020', 'Product P0020', 1, 173.36);
INSERT INTO Products (product_code, product_name, productline_id, MSRP) VALUES ('P0021', 'Product P0021', 1, 19.23);
INSERT INTO Products (product_code, product_name, productline_id, MSRP) VALUES ('P0022', 'Product P0022', 3, 42.29);
INSERT INTO Products (product_code, product_name, productline_id, MSRP) VALUES ('P0023', 'Product P0023', 1, 74.91);
INSERT INTO Products (product_code, product_name, productline_id, MSRP) VALUES ('P0024', 'Product P0024', 3, 113.7);
INSERT INTO Products (product_code, product_name, productline_id, MSRP) VALUES ('P0025', 'Product P0025', 4, 85.11);
INSERT INTO Products (product_code, product_name, productline_id, MSRP) VALUES ('P0026', 'Product P0026', 3, 74.4);
INSERT INTO Products (product_code, product_name, productline_id, MSRP) VALUES ('P0027', 'Product P0027', 3, 192.31);
INSERT INTO Products (product_code, product_name, productline_id, MSRP) VALUES ('P0028', 'Product P0028', 5, 58.59);
INSERT INTO Products (product_code, product_name, productline_id, MSRP) VALUES ('P0029', 'Product P0029', 1, 113.2);
INSERT INTO Products (product_code, product_name, productline_id, MSRP) VALUES ('P0030', 'Product P0030', 4, 196.23);
INSERT INTO Products (product_code, product_name, productline_id, MSRP) VALUES ('P0031', 'Product P0031', 2, 140.16);
INSERT INTO Products (product_code, product_name, productline_id, MSRP) VALUES ('P0032', 'Product P0032', 5, 65.03);
INSERT INTO Products (product_code, product_name, productline_id, MSRP) VALUES ('P0033', 'Product P0033', 2, 182.38);
INSERT INTO Products (product_code, product_name, productline_id, MSRP) VALUES ('P0034', 'Product P0034', 4, 122.61);
INSERT INTO Products (product_code, product_name, productline_id, MSRP) VALUES ('P0035', 'Product P0035', 2, 71.23);
INSERT INTO Products (product_code, product_name, productline_id, MSRP) VALUES ('P0036', 'Product P0036', 4, 50.82);
INSERT INTO Products (product_code, product_name, productline_id, MSRP) VALUES ('P0037', 'Product P0037', 2, 56.74);
INSERT INTO Products (product_code, product_name, productline_id, MSRP) VALUES ('P0038', 'Product P0038', 1, 112.21);
INSERT INTO Products (product_code, product_name, productline_id, MSRP) VALUES ('P0039', 'Product P0039', 5, 131.31);
INSERT INTO Products (product_code, product_name, productline_id, MSRP) VALUES ('P0040', 'Product P0040', 3, 91.23);
INSERT INTO Products (product_code, product_name, productline_id, MSRP) VALUES ('P0041', 'Product P0041', 2, 62.3);
INSERT INTO Products (product_code, product_name, productline_id, MSRP) VALUES ('P0042', 'Product P0042', 1, 110.99);
INSERT INTO Products (product_code, product_name, productline_id, MSRP) VALUES ('P0043', 'Product P0043', 3, 65.78);
INSERT INTO Products (product_code, product_name, productline_id, MSRP) VALUES ('P0044', 'Product P0044', 2, 82.85);
INSERT INTO Products (product_code, product_name, productline_id, MSRP) VALUES ('P0045', 'Product P0045', 4, 102.25);
INSERT INTO Products (product_code, product_name, productline_id, MSRP) VALUES ('P0046', 'Product P0046', 4, 176.19);
INSERT INTO Products (product_code, product_name, productline_id, MSRP) VALUES ('P0047', 'Product P0047', 1, 56.25);
INSERT INTO Products (product_code, product_name, productline_id, MSRP) VALUES ('P0048', 'Product P0048', 5, 11.29);
INSERT INTO Products (product_code, product_name, productline_id, MSRP) VALUES ('P0049', 'Product P0049', 3, 127.94);
INSERT INTO Products (product_code, product_name, productline_id, MSRP) VALUES ('P0050', 'Product P0050', 2, 88.3);
INSERT INTO Products (product_code, product_name, productline_id, MSRP) VALUES ('P0051', 'Product P0051', 4, 59.94);
INSERT INTO Products (product_code, product_name, productline_id, MSRP) VALUES ('P0052', 'Product P0052', 1, 56.15);
INSERT INTO Products (product_code, product_name, productline_id, MSRP) VALUES ('P0053', 'Product P0053', 1, 122.26);
INSERT INTO Products (product_code, product_name, productline_id, MSRP) VALUES ('P0054', 'Product P0054', 2, 35.58);
INSERT INTO Products (product_code, product_name, productline_id, MSRP) VALUES ('P0055', 'Product P0055', 5, 189.01);
INSERT INTO Products (product_code, product_name, productline_id, MSRP) VALUES ('P0056', 'Product P0056', 3, 177.02);
INSERT INTO Products (product_code, product_name, productline_id, MSRP) VALUES ('P0057', 'Product P0057', 5, 93.39);
INSERT INTO Products (product_code, product_name, productline_id, MSRP) VALUES ('P0058', 'Product P0058', 4, 72.31);
INSERT INTO Products (product_code, product_name, productline_id, MSRP) VALUES ('P0059', 'Product P0059', 3, 169.5);
INSERT INTO Products (product_code, product_name, productline_id, MSRP) VALUES ('P0060', 'Product P0060', 5, 59.59);
INSERT INTO Suppliers (supplier_id, company_name, contact_name, phone) VALUES (1, 'Supplier Co 1', 'Contact 1', '555-0201');
INSERT INTO Suppliers (supplier_id, company_name, contact_name, phone) VALUES (2, 'Supplier Co 2', 'Contact 2', '555-0202');
INSERT INTO Suppliers (supplier_id, company_name, contact_name, phone) VALUES (3, 'Supplier Co 3', 'Contact 3', '555-0203');
INSERT INTO Suppliers (supplier_id, company_name, contact_name, phone) VALUES (4, 'Supplier Co 4', 'Contact 4', '555-0204');
INSERT INTO Suppliers (supplier_id, company_name, contact_name, phone) VALUES (5, 'Supplier Co 5', 'Contact 5', '555-0205');
INSERT INTO Suppliers (supplier_id, company_name, contact_name, phone) VALUES (6, 'Supplier Co 6', 'Contact 6', '555-0206');
INSERT INTO Suppliers (supplier_id, company_name, contact_name, phone) VALUES (7, 'Supplier Co 7', 'Contact 7', '555-0207');
INSERT INTO Suppliers (supplier_id, company_name, contact_name, phone) VALUES (8, 'Supplier Co 8', 'Contact 8', '555-0208');
INSERT INTO Suppliers (supplier_id, company_name, contact_name, phone) VALUES (9, 'Supplier Co 9', 'Contact 9', '555-0209');
INSERT INTO Suppliers (supplier_id, company_name, contact_name, phone) VALUES (10, 'Supplier Co 10', 'Contact 10', '555-02010');
INSERT INTO Orders (order_id, customer_id, employee_id, order_date) VALUES (1, 22, 9, '2023-08-26');
INSERT INTO Orders (order_id, customer_id, employee_id, order_date) VALUES (2, 38, 9, '2024-09-14');
INSERT INTO Orders (order_id, customer_id, employee_id, order_date) VALUES (3, 12, 3, '2024-10-11');
INSERT INTO Orders (order_id, customer_id, employee_id, order_date) VALUES (4, 46, 1, '2023-05-17');
INSERT INTO Orders (order_id, customer_id, employee_id, order_date) VALUES (5, 60, 1, '2023-08-11');
INSERT INTO Orders (order_id, customer_id, employee_id, order_date) VALUES (6, 45, 3, '2023-03-23');
INSERT INTO Orders (order_id, customer_id, employee_id, order_date) VALUES (7, 6, 17, '2023-01-03');
INSERT INTO Orders (order_id, customer_id, employee_id, order_date) VALUES (8, 43, 17, '2023-11-23');
INSERT INTO Orders (order_id, customer_id, employee_id, order_date) VALUES (9, 46, 16, '2023-09-05');
INSERT INTO Orders (order_id, customer_id, employee_id, order_date) VALUES (10, 54, 3, '2024-11-20');
INSERT INTO Orders (order_id, customer_id, employee_id, order_date) VALUES (11, 55, 5, '2023-09-06');
INSERT INTO Orders (order_id, customer_id, employee_id, order_date) VALUES (12, 35, 4, '2024-01-14');
INSERT INTO Orders (order_id, customer_id, employee_id, order_date) VALUES (13, 21, 1, '2023-05-20');
INSERT INTO Orders (order_id, customer_id, employee_id, order_date) VALUES (14, 1, 10, '2024-11-16');
INSERT INTO Orders (order_id, customer_id, employee_id, order_date) VALUES (15, 17, 3, '2023-03-10');
INSERT INTO Orders (order_id, customer_id, employee_id, order_date) VALUES (16, 52, 2, '2024-10-09');
INSERT INTO Orders (order_id, customer_id, employee_id, order_date) VALUES (17, 19, 14, '2024-01-07');
INSERT INTO Orders (order_id, customer_id, employee_id, order_date) VALUES (18, 49, 2, '2024-07-26');
INSERT INTO Orders (order_id, customer_id, employee_id, order_date) VALUES (19, 27, 13, '2023-02-03');
INSERT INTO Orders (order_id, customer_id, employee_id, order_date) VALUES (20, 44, 7, '2024-08-19');
INSERT INTO Orders (order_id, customer_id, employee_id, order_date) VALUES (21, 51, 14, '2024-09-11');
INSERT INTO Orders (order_id, customer_id, employee_id, order_date) VALUES (22, 34, 8, '2023-12-20');
INSERT INTO Orders (order_id, customer_id, employee_id, order_date) VALUES (23, 8, 14, '2024-09-25');
INSERT INTO Orders (order_id, customer_id, employee_id, order_date) VALUES (24, 52, 12, '2024-04-08');
INSERT INTO Orders (order_id, customer_id, employee_id, order_date) VALUES (25, 27, 8, '2023-10-03');
INSERT INTO Orders (order_id, customer_id, employee_id, order_date) VALUES (26, 43, 6, '2023-12-31');
INSERT INTO Orders (order_id, customer_id, employee_id, order_date) VALUES (27, 28, 5, '2024-05-01');
INSERT INTO Orders (order_id, customer_id, employee_id, order_date) VALUES (28, 15, 15, '2024-01-04');
INSERT INTO Orders (order_id, customer_id, employee_id, order_date) VALUES (29, 14, 13, '2023-04-13');
INSERT INTO Orders (order_id, customer_id, employee_id, order_date) VALUES (30, 50, 4, '2023-04-16');
INSERT INTO Orders (order_id, customer_id, employee_id, order_date) VALUES (31, 14, 5, '2023-08-28');
INSERT INTO Orders (order_id, customer_id, employee_id, order_date) VALUES (32, 53, 5, '2024-03-29');
INSERT INTO Orders (order_id, customer_id, employee_id, order_date) VALUES (33, 29, 18, '2023-10-09');
INSERT INTO Orders (order_id, customer_id, employee_id, order_date) VALUES (34, 27, 4, '2023-03-25');
INSERT INTO Orders (order_id, customer_id, employee_id, order_date) VALUES (35, 42, 11, '2023-08-02');
INSERT INTO Orders (order_id, customer_id, employee_id, order_date) VALUES (36, 49, 15, '2023-10-06');
INSERT INTO Orders (order_id, customer_id, employee_id, order_date) VALUES (37, 30, 11, '2023-12-28');
INSERT INTO Orders (order_id, customer_id, employee_id, order_date) VALUES (38, 38, 2, '2023-07-14');
INSERT INTO Orders (order_id, customer_id, employee_id, order_date) VALUES (39, 38, 5, '2024-02-15');
INSERT INTO Orders (order_id, customer_id, employee_id, order_date) VALUES (40, 35, 6, '2023-12-17');
INSERT INTO Orders (order_id, customer_id, employee_id, order_date) VALUES (41, 43, 6, '2024-09-27');
INSERT INTO Orders (order_id, customer_id, employee_id, order_date) VALUES (42, 39, 17, '2024-02-14');
INSERT INTO Orders (order_id, customer_id, employee_id, order_date) VALUES (43, 43, 8, '2024-07-05');
INSERT INTO Orders (order_id, customer_id, employee_id, order_date) VALUES (44, 21, 15, '2024-03-04');
INSERT INTO Orders (order_id, customer_id, employee_id, order_date) VALUES (45, 26, 3, '2024-11-02');
INSERT INTO Orders (order_id, customer_id, employee_id, order_date) VALUES (46, 27, 1, '2024-01-01');
INSERT INTO Orders (order_id, customer_id, employee_id, order_date) VALUES (47, 38, 6, '2024-10-03');
INSERT INTO Orders (order_id, customer_id, employee_id, order_date) VALUES (48, 5, 11, '2024-02-23');
INSERT INTO Orders (order_id, customer_id, employee_id, order_date) VALUES (49, 8, 8, '2024-06-04');
INSERT INTO Orders (order_id, customer_id, employee_id, order_date) VALUES (50, 31, 16, '2024-01-13');
INSERT INTO Orders (order_id, customer_id, employee_id, order_date) VALUES (51, 19, 7, '2024-11-10');
INSERT INTO Orders (order_id, customer_id, employee_id, order_date) VALUES (52, 15, 14, '2024-02-22');
INSERT INTO Orders (order_id, customer_id, employee_id, order_date) VALUES (53, 32, 14, '2023-12-02');
INSERT INTO Orders (order_id, customer_id, employee_id, order_date) VALUES (54, 9, 3, '2023-06-02');
INSERT INTO Orders (order_id, customer_id, employee_id, order_date) VALUES (55, 15, 7, '2023-11-21');
INSERT INTO Orders (order_id, customer_id, employee_id, order_date) VALUES (56, 8, 11, '2023-03-10');
INSERT INTO Orders (order_id, customer_id, employee_id, order_date) VALUES (57, 31, 18, '2024-12-04');
INSERT INTO Orders (order_id, customer_id, employee_id, order_date) VALUES (58, 41, 9, '2023-02-23');
INSERT INTO Orders (order_id, customer_id, employee_id, order_date) VALUES (59, 5, 16, '2023-09-15');
INSERT INTO Orders (order_id, customer_id, employee_id, order_date) VALUES (60, 50, 15, '2023-03-09');
INSERT INTO OrderDetails (order_detail_id, order_id, product_code, quantity) VALUES (1, 1, 'P0053', 4);
INSERT INTO OrderDetails (order_detail_id, order_id, product_code, quantity) VALUES (2, 2, 'P0037', 1);
INSERT INTO OrderDetails (order_detail_id, order_id, product_code, quantity) VALUES (3, 3, 'P0041', 3);
INSERT INTO OrderDetails (order_detail_id, order_id, product_code, quantity) VALUES (4, 4, 'P0036', 2);
INSERT INTO OrderDetails (order_detail_id, order_id, product_code, quantity) VALUES (5, 5, 'P0028', 4);
INSERT INTO OrderDetails (order_detail_id, order_id, product_code, quantity) VALUES (6, 6, 'P0035', 1);
INSERT INTO OrderDetails (order_detail_id, order_id, product_code, quantity) VALUES (7, 7, 'P0007', 2);
INSERT INTO OrderDetails (order_detail_id, order_id, product_code, quantity) VALUES (8, 8, 'P0030', 1);
INSERT INTO OrderDetails (order_detail_id, order_id, product_code, quantity) VALUES (9, 9, 'P0037', 2);
INSERT INTO OrderDetails (order_detail_id, order_id, product_code, quantity) VALUES (10, 10, 'P0015', 5);
INSERT INTO OrderDetails (order_detail_id, order_id, product_code, quantity) VALUES (11, 11, 'P0040', 1);
INSERT INTO OrderDetails (order_detail_id, order_id, product_code, quantity) VALUES (12, 12, 'P0049', 4);
INSERT INTO OrderDetails (order_detail_id, order_id, product_code, quantity) VALUES (13, 13, 'P0023', 2);
INSERT INTO OrderDetails (order_detail_id, order_id, product_code, quantity) VALUES (14, 14, 'P0034', 5);
INSERT INTO OrderDetails (order_detail_id, order_id, product_code, quantity) VALUES (15, 15, 'P0028', 5);
INSERT INTO OrderDetails (order_detail_id, order_id, product_code, quantity) VALUES (16, 16, 'P0025', 2);
INSERT INTO OrderDetails (order_detail_id, order_id, product_code, quantity) VALUES (17, 17, 'P0034', 5);
INSERT INTO OrderDetails (order_detail_id, order_id, product_code, quantity) VALUES (18, 18, 'P0043', 4);
INSERT INTO OrderDetails (order_detail_id, order_id, product_code, quantity) VALUES (19, 19, 'P0014', 1);
INSERT INTO OrderDetails (order_detail_id, order_id, product_code, quantity) VALUES (20, 20, 'P0013', 1);
INSERT INTO OrderDetails (order_detail_id, order_id, product_code, quantity) VALUES (21, 21, 'P0017', 4);
INSERT INTO OrderDetails (order_detail_id, order_id, product_code, quantity) VALUES (22, 22, 'P0014', 1);
INSERT INTO OrderDetails (order_detail_id, order_id, product_code, quantity) VALUES (23, 23, 'P0055', 4);
INSERT INTO OrderDetails (order_detail_id, order_id, product_code, quantity) VALUES (24, 24, 'P0034', 2);
INSERT INTO OrderDetails (order_detail_id, order_id, product_code, quantity) VALUES (25, 25, 'P0037', 5);
INSERT INTO OrderDetails (order_detail_id, order_id, product_code, quantity) VALUES (26, 26, 'P0051', 4);
INSERT INTO OrderDetails (order_detail_id, order_id, product_code, quantity) VALUES (27, 27, 'P0053', 3);
INSERT INTO OrderDetails (order_detail_id, order_id, product_code, quantity) VALUES (28, 28, 'P0057', 4);
INSERT INTO OrderDetails (order_detail_id, order_id, product_code, quantity) VALUES (29, 29, 'P0014', 2);
INSERT INTO OrderDetails (order_detail_id, order_id, product_code, quantity) VALUES (30, 30, 'P0031', 4);
INSERT INTO OrderDetails (order_detail_id, order_id, product_code, quantity) VALUES (31, 31, 'P0006', 1);
INSERT INTO OrderDetails (order_detail_id, order_id, product_code, quantity) VALUES (32, 32, 'P0012', 5);
INSERT INTO OrderDetails (order_detail_id, order_id, product_code, quantity) VALUES (33, 33, 'P0009', 5);
INSERT INTO OrderDetails (order_detail_id, order_id, product_code, quantity) VALUES (34, 34, 'P0023', 4);
INSERT INTO OrderDetails (order_detail_id, order_id, product_code, quantity) VALUES (35, 35, 'P0047', 2);
INSERT INTO OrderDetails (order_detail_id, order_id, product_code, quantity) VALUES (36, 36, 'P0040', 4);
INSERT INTO OrderDetails (order_detail_id, order_id, product_code, quantity) VALUES (37, 37, 'P0039', 3);
INSERT INTO OrderDetails (order_detail_id, order_id, product_code, quantity) VALUES (38, 38, 'P0033', 4);
INSERT INTO OrderDetails (order_detail_id, order_id, product_code, quantity) VALUES (39, 39, 'P0015', 3);
INSERT INTO OrderDetails (order_detail_id, order_id, product_code, quantity) VALUES (40, 40, 'P0036', 4);
INSERT INTO OrderDetails (order_detail_id, order_id, product_code, quantity) VALUES (41, 41, 'P0058', 5);
INSERT INTO OrderDetails (order_detail_id, order_id, product_code, quantity) VALUES (42, 42, 'P0037', 3);
INSERT INTO OrderDetails (order_detail_id, order_id, product_code, quantity) VALUES (43, 43, 'P0044', 1);
INSERT INTO OrderDetails (order_detail_id, order_id, product_code, quantity) VALUES (44, 44, 'P0056', 4);
INSERT INTO OrderDetails (order_detail_id, order_id, product_code, quantity) VALUES (45, 45, 'P0033', 2);
INSERT INTO OrderDetails (order_detail_id, order_id, product_code, quantity) VALUES (46, 46, 'P0051', 2);
INSERT INTO OrderDetails (order_detail_id, order_id, product_code, quantity) VALUES (47, 47, 'P0058', 3);
INSERT INTO OrderDetails (order_detail_id, order_id, product_code, quantity) VALUES (48, 48, 'P0035', 3);
INSERT INTO OrderDetails (order_detail_id, order_id, product_code, quantity) VALUES (49, 49, 'P0044', 1);
INSERT INTO OrderDetails (order_detail_id, order_id, product_code, quantity) VALUES (50, 50, 'P0021', 3);
INSERT INTO OrderDetails (order_detail_id, order_id, product_code, quantity) VALUES (51, 51, 'P0018', 4);
INSERT INTO OrderDetails (order_detail_id, order_id, product_code, quantity) VALUES (52, 52, 'P0042', 3);
INSERT INTO OrderDetails (order_detail_id, order_id, product_code, quantity) VALUES (53, 53, 'P0036', 3);
INSERT INTO OrderDetails (order_detail_id, order_id, product_code, quantity) VALUES (54, 54, 'P0060', 1);
INSERT INTO OrderDetails (order_detail_id, order_id, product_code, quantity) VALUES (55, 55, 'P0022', 4);
INSERT INTO OrderDetails (order_detail_id, order_id, product_code, quantity) VALUES (56, 56, 'P0040', 5);
INSERT INTO OrderDetails (order_detail_id, order_id, product_code, quantity) VALUES (57, 57, 'P0013', 2);
INSERT INTO OrderDetails (order_detail_id, order_id, product_code, quantity) VALUES (58, 58, 'P0020', 3);
INSERT INTO OrderDetails (order_detail_id, order_id, product_code, quantity) VALUES (59, 59, 'P0012', 1);
INSERT INTO OrderDetails (order_detail_id, order_id, product_code, quantity) VALUES (60, 60, 'P0017', 5);
INSERT INTO Returns (return_id, order_id, return_date, reason) VALUES (1, 1, '2024-04-17', 'Reason 1');
INSERT INTO Returns (return_id, order_id, return_date, reason) VALUES (2, 2, '2024-02-16', 'Reason 2');
INSERT INTO Returns (return_id, order_id, return_date, reason) VALUES (3, 3, '2024-04-16', 'Reason 3');
INSERT INTO Returns (return_id, order_id, return_date, reason) VALUES (4, 4, '2023-05-20', 'Reason 4');
INSERT INTO Returns (return_id, order_id, return_date, reason) VALUES (5, 5, '2023-09-21', 'Reason 5');
INSERT INTO Returns (return_id, order_id, return_date, reason) VALUES (6, 6, '2023-02-27', 'Reason 6');
INSERT INTO Returns (return_id, order_id, return_date, reason) VALUES (7, 7, '2023-04-19', 'Reason 7');
INSERT INTO Returns (return_id, order_id, return_date, reason) VALUES (8, 8, '2023-02-25', 'Reason 8');
INSERT INTO Returns (return_id, order_id, return_date, reason) VALUES (9, 9, '2023-08-22', 'Reason 9');
INSERT INTO Returns (return_id, order_id, return_date, reason) VALUES (10, 10, '2023-03-29', 'Reason 10');
INSERT INTO Returns (return_id, order_id, return_date, reason) VALUES (11, 11, '2024-12-13', 'Reason 11');
INSERT INTO Returns (return_id, order_id, return_date, reason) VALUES (12, 12, '2023-12-08', 'Reason 12');
INSERT INTO Returns (return_id, order_id, return_date, reason) VALUES (13, 13, '2024-10-08', 'Reason 13');
INSERT INTO Returns (return_id, order_id, return_date, reason) VALUES (14, 14, '2023-04-22', 'Reason 14');
INSERT INTO Returns (return_id, order_id, return_date, reason) VALUES (15, 15, '2024-08-05', 'Reason 15');
INSERT INTO Returns (return_id, order_id, return_date, reason) VALUES (16, 16, '2024-10-03', 'Reason 16');
INSERT INTO Returns (return_id, order_id, return_date, reason) VALUES (17, 17, '2023-08-28', 'Reason 17');
INSERT INTO Returns (return_id, order_id, return_date, reason) VALUES (18, 18, '2024-05-24', 'Reason 18');
INSERT INTO Returns (return_id, order_id, return_date, reason) VALUES (19, 19, '2024-08-27', 'Reason 19');
INSERT INTO Returns (return_id, order_id, return_date, reason) VALUES (20, 20, '2023-02-04', 'Reason 20');
INSERT INTO Returns (return_id, order_id, return_date, reason) VALUES (21, 21, '2023-02-05', 'Reason 21');
INSERT INTO Returns (return_id, order_id, return_date, reason) VALUES (22, 22, '2024-05-17', 'Reason 22');
INSERT INTO Returns (return_id, order_id, return_date, reason) VALUES (23, 23, '2023-07-01', 'Reason 23');
INSERT INTO Returns (return_id, order_id, return_date, reason) VALUES (24, 24, '2023-11-28', 'Reason 24');
INSERT INTO Returns (return_id, order_id, return_date, reason) VALUES (25, 25, '2024-06-16', 'Reason 25');
INSERT INTO Returns (return_id, order_id, return_date, reason) VALUES (26, 26, '2023-01-10', 'Reason 26');
INSERT INTO Returns (return_id, order_id, return_date, reason) VALUES (27, 27, '2023-05-21', 'Reason 27');
INSERT INTO Returns (return_id, order_id, return_date, reason) VALUES (28, 28, '2023-11-03', 'Reason 28');
INSERT INTO Returns (return_id, order_id, return_date, reason) VALUES (29, 29, '2023-09-13', 'Reason 29');
INSERT INTO Returns (return_id, order_id, return_date, reason) VALUES (30, 30, '2024-03-30', 'Reason 30');
INSERT INTO Shipping (shipping_id, order_id, carrier_name, tracking_number, shipped_date) VALUES (1, 1, 'UPS', 'TRK00001', '2023-10-01');
INSERT INTO Shipping (shipping_id, order_id, carrier_name, tracking_number, shipped_date) VALUES (2, 2, 'UPS', 'TRK00002', '2024-06-11');
INSERT INTO Shipping (shipping_id, order_id, carrier_name, tracking_number, shipped_date) VALUES (3, 3, 'DHL', 'TRK00003', '2023-11-15');
INSERT INTO Shipping (shipping_id, order_id, carrier_name, tracking_number, shipped_date) VALUES (4, 4, 'FedEx', 'TRK00004', '2023-01-08');
INSERT INTO Shipping (shipping_id, order_id, carrier_name, tracking_number, shipped_date) VALUES (5, 5, 'FedEx', 'TRK00005', '2024-01-04');
INSERT INTO Shipping (shipping_id, order_id, carrier_name, tracking_number, shipped_date) VALUES (6, 6, 'DHL', 'TRK00006', '2023-06-08');
INSERT INTO Shipping (shipping_id, order_id, carrier_name, tracking_number, shipped_date) VALUES (7, 7, 'DHL', 'TRK00007', '2023-09-09');
INSERT INTO Shipping (shipping_id, order_id, carrier_name, tracking_number, shipped_date) VALUES (8, 8, 'UPS', 'TRK00008', '2023-04-07');
INSERT INTO Shipping (shipping_id, order_id, carrier_name, tracking_number, shipped_date) VALUES (9, 9, 'FedEx', 'TRK00009', '2023-07-18');
INSERT INTO Shipping (shipping_id, order_id, carrier_name, tracking_number, shipped_date) VALUES (10, 10, 'DHL', 'TRK00010', '2024-07-02');
INSERT INTO Shipping (shipping_id, order_id, carrier_name, tracking_number, shipped_date) VALUES (11, 11, 'UPS', 'TRK00011', '2024-06-10');
INSERT INTO Shipping (shipping_id, order_id, carrier_name, tracking_number, shipped_date) VALUES (12, 12, 'FedEx', 'TRK00012', '2024-07-28');
INSERT INTO Shipping (shipping_id, order_id, carrier_name, tracking_number, shipped_date) VALUES (13, 13, 'UPS', 'TRK00013', '2024-02-14');
INSERT INTO Shipping (shipping_id, order_id, carrier_name, tracking_number, shipped_date) VALUES (14, 14, 'UPS', 'TRK00014', '2024-06-05');
INSERT INTO Shipping (shipping_id, order_id, carrier_name, tracking_number, shipped_date) VALUES (15, 15, 'FedEx', 'TRK00015', '2023-01-04');
INSERT INTO Shipping (shipping_id, order_id, carrier_name, tracking_number, shipped_date) VALUES (16, 16, 'DHL', 'TRK00016', '2023-03-03');
INSERT INTO Shipping (shipping_id, order_id, carrier_name, tracking_number, shipped_date) VALUES (17, 17, 'FedEx', 'TRK00017', '2024-04-26');
INSERT INTO Shipping (shipping_id, order_id, carrier_name, tracking_number, shipped_date) VALUES (18, 18, 'UPS', 'TRK00018', '2023-12-11');
INSERT INTO Shipping (shipping_id, order_id, carrier_name, tracking_number, shipped_date) VALUES (19, 19, 'UPS', 'TRK00019', '2023-02-14');
INSERT INTO Shipping (shipping_id, order_id, carrier_name, tracking_number, shipped_date) VALUES (20, 20, 'FedEx', 'TRK00020', '2023-12-09');
INSERT INTO Shipping (shipping_id, order_id, carrier_name, tracking_number, shipped_date) VALUES (21, 21, 'DHL', 'TRK00021', '2023-10-03');
INSERT INTO Shipping (shipping_id, order_id, carrier_name, tracking_number, shipped_date) VALUES (22, 22, 'UPS', 'TRK00022', '2023-05-19');
INSERT INTO Shipping (shipping_id, order_id, carrier_name, tracking_number, shipped_date) VALUES (23, 23, 'UPS', 'TRK00023', '2023-06-20');
INSERT INTO Shipping (shipping_id, order_id, carrier_name, tracking_number, shipped_date) VALUES (24, 24, 'FedEx', 'TRK00024', '2023-06-14');
INSERT INTO Shipping (shipping_id, order_id, carrier_name, tracking_number, shipped_date) VALUES (25, 25, 'DHL', 'TRK00025', '2023-10-01');
INSERT INTO Shipping (shipping_id, order_id, carrier_name, tracking_number, shipped_date) VALUES (26, 26, 'DHL', 'TRK00026', '2023-12-20');
INSERT INTO Shipping (shipping_id, order_id, carrier_name, tracking_number, shipped_date) VALUES (27, 27, 'FedEx', 'TRK00027', '2024-07-10');
INSERT INTO Shipping (shipping_id, order_id, carrier_name, tracking_number, shipped_date) VALUES (28, 28, 'DHL', 'TRK00028', '2024-10-23');
INSERT INTO Shipping (shipping_id, order_id, carrier_name, tracking_number, shipped_date) VALUES (29, 29, 'FedEx', 'TRK00029', '2023-10-16');
INSERT INTO Shipping (shipping_id, order_id, carrier_name, tracking_number, shipped_date) VALUES (30, 30, 'FedEx', 'TRK00030', '2024-04-13');
INSERT INTO Shipping (shipping_id, order_id, carrier_name, tracking_number, shipped_date) VALUES (31, 31, 'DHL', 'TRK00031', '2023-07-02');
INSERT INTO Shipping (shipping_id, order_id, carrier_name, tracking_number, shipped_date) VALUES (32, 32, 'FedEx', 'TRK00032', '2024-05-16');
INSERT INTO Shipping (shipping_id, order_id, carrier_name, tracking_number, shipped_date) VALUES (33, 33, 'FedEx', 'TRK00033', '2024-01-22');
INSERT INTO Shipping (shipping_id, order_id, carrier_name, tracking_number, shipped_date) VALUES (34, 34, 'UPS', 'TRK00034', '2023-02-28');
INSERT INTO Shipping (shipping_id, order_id, carrier_name, tracking_number, shipped_date) VALUES (35, 35, 'DHL', 'TRK00035', '2024-06-16');
INSERT INTO Shipping (shipping_id, order_id, carrier_name, tracking_number, shipped_date) VALUES (36, 36, 'UPS', 'TRK00036', '2023-05-27');
INSERT INTO Shipping (shipping_id, order_id, carrier_name, tracking_number, shipped_date) VALUES (37, 37, 'UPS', 'TRK00037', '2023-08-01');
INSERT INTO Shipping (shipping_id, order_id, carrier_name, tracking_number, shipped_date) VALUES (38, 38, 'DHL', 'TRK00038', '2024-06-12');
INSERT INTO Shipping (shipping_id, order_id, carrier_name, tracking_number, shipped_date) VALUES (39, 39, 'UPS', 'TRK00039', '2024-10-14');
INSERT INTO Shipping (shipping_id, order_id, carrier_name, tracking_number, shipped_date) VALUES (40, 40, 'DHL', 'TRK00040', '2023-01-12');
INSERT INTO Shipping (shipping_id, order_id, carrier_name, tracking_number, shipped_date) VALUES (41, 41, 'DHL', 'TRK00041', '2024-05-09');
INSERT INTO Shipping (shipping_id, order_id, carrier_name, tracking_number, shipped_date) VALUES (42, 42, 'UPS', 'TRK00042', '2024-03-01');
INSERT INTO Shipping (shipping_id, order_id, carrier_name, tracking_number, shipped_date) VALUES (43, 43, 'DHL', 'TRK00043', '2024-09-29');
INSERT INTO Shipping (shipping_id, order_id, carrier_name, tracking_number, shipped_date) VALUES (44, 44, 'DHL', 'TRK00044', '2024-05-29');
INSERT INTO Shipping (shipping_id, order_id, carrier_name, tracking_number, shipped_date) VALUES (45, 45, 'UPS', 'TRK00045', '2024-05-19');
INSERT INTO Shipping (shipping_id, order_id, carrier_name, tracking_number, shipped_date) VALUES (46, 46, 'UPS', 'TRK00046', '2023-01-20');
INSERT INTO Shipping (shipping_id, order_id, carrier_name, tracking_number, shipped_date) VALUES (47, 47, 'UPS', 'TRK00047', '2023-02-09');
INSERT INTO Shipping (shipping_id, order_id, carrier_name, tracking_number, shipped_date) VALUES (48, 48, 'DHL', 'TRK00048', '2024-01-04');
INSERT INTO Shipping (shipping_id, order_id, carrier_name, tracking_number, shipped_date) VALUES (49, 49, 'UPS', 'TRK00049', '2024-10-14');
INSERT INTO Shipping (shipping_id, order_id, carrier_name, tracking_number, shipped_date) VALUES (50, 50, 'FedEx', 'TRK00050', '2023-09-12');
INSERT INTO Shipping (shipping_id, order_id, carrier_name, tracking_number, shipped_date) VALUES (51, 51, 'FedEx', 'TRK00051', '2024-05-26');
INSERT INTO Shipping (shipping_id, order_id, carrier_name, tracking_number, shipped_date) VALUES (52, 52, 'UPS', 'TRK00052', '2024-09-21');
INSERT INTO Shipping (shipping_id, order_id, carrier_name, tracking_number, shipped_date) VALUES (53, 53, 'UPS', 'TRK00053', '2024-03-11');
INSERT INTO Shipping (shipping_id, order_id, carrier_name, tracking_number, shipped_date) VALUES (54, 54, 'DHL', 'TRK00054', '2023-11-09');
INSERT INTO Shipping (shipping_id, order_id, carrier_name, tracking_number, shipped_date) VALUES (55, 55, 'UPS', 'TRK00055', '2023-02-19');
INSERT INTO Shipping (shipping_id, order_id, carrier_name, tracking_number, shipped_date) VALUES (56, 56, 'FedEx', 'TRK00056', '2024-10-19');
INSERT INTO Shipping (shipping_id, order_id, carrier_name, tracking_number, shipped_date) VALUES (57, 57, 'UPS', 'TRK00057', '2023-12-21');
INSERT INTO Shipping (shipping_id, order_id, carrier_name, tracking_number, shipped_date) VALUES (58, 58, 'UPS', 'TRK00058', '2023-02-01');
INSERT INTO Shipping (shipping_id, order_id, carrier_name, tracking_number, shipped_date) VALUES (59, 59, 'UPS', 'TRK00059', '2023-12-28');
INSERT INTO Shipping (shipping_id, order_id, carrier_name, tracking_number, shipped_date) VALUES (60, 60, 'UPS', 'TRK00060', '2023-04-18');
INSERT INTO Payments (payment_id, customer_id, amount, payment_date) VALUES (1, 22, 381.2, '2023-05-05');
INSERT INTO Payments (payment_id, customer_id, amount, payment_date) VALUES (2, 38, 287.42, '2023-11-28');
INSERT INTO Payments (payment_id, customer_id, amount, payment_date) VALUES (3, 12, 385.72, '2023-01-06');
INSERT INTO Payments (payment_id, customer_id, amount, payment_date) VALUES (4, 46, 75.35, '2023-08-27');
INSERT INTO Payments (payment_id, customer_id, amount, payment_date) VALUES (5, 60, 140.67, '2024-12-15');
INSERT INTO Payments (payment_id, customer_id, amount, payment_date) VALUES (6, 45, 191.21, '2023-01-04');
INSERT INTO Payments (payment_id, customer_id, amount, payment_date) VALUES (7, 6, 69.86, '2024-07-07');
INSERT INTO Payments (payment_id, customer_id, amount, payment_date) VALUES (8, 43, 394.37, '2024-08-19');
INSERT INTO Payments (payment_id, customer_id, amount, payment_date) VALUES (9, 46, 223.04, '2024-02-16');
INSERT INTO Payments (payment_id, customer_id, amount, payment_date) VALUES (10, 54, 54.5, '2023-10-15');
INSERT INTO Payments (payment_id, customer_id, amount, payment_date) VALUES (11, 55, 287.08, '2024-01-28');
INSERT INTO Payments (payment_id, customer_id, amount, payment_date) VALUES (12, 35, 123.31, '2024-06-19');
INSERT INTO Payments (payment_id, customer_id, amount, payment_date) VALUES (13, 21, 322.32, '2024-04-21');
INSERT INTO Payments (payment_id, customer_id, amount, payment_date) VALUES (14, 1, 476.22, '2024-10-01');
INSERT INTO Payments (payment_id, customer_id, amount, payment_date) VALUES (15, 17, 284.68, '2023-09-24');
INSERT INTO Payments (payment_id, customer_id, amount, payment_date) VALUES (16, 52, 299.79, '2023-07-26');
INSERT INTO Payments (payment_id, customer_id, amount, payment_date) VALUES (17, 19, 246.81, '2023-03-11');
INSERT INTO Payments (payment_id, customer_id, amount, payment_date) VALUES (18, 49, 325.1, '2023-07-28');
INSERT INTO Payments (payment_id, customer_id, amount, payment_date) VALUES (19, 27, 264.93, '2024-07-17');
INSERT INTO Payments (payment_id, customer_id, amount, payment_date) VALUES (20, 44, 380.89, '2023-02-15');
INSERT INTO Payments (payment_id, customer_id, amount, payment_date) VALUES (21, 51, 432.2, '2023-04-10');
INSERT INTO Payments (payment_id, customer_id, amount, payment_date) VALUES (22, 34, 369.14, '2023-12-29');
INSERT INTO Payments (payment_id, customer_id, amount, payment_date) VALUES (23, 8, 99.29, '2024-03-11');
INSERT INTO Payments (payment_id, customer_id, amount, payment_date) VALUES (24, 52, 353.05, '2023-04-09');
INSERT INTO Payments (payment_id, customer_id, amount, payment_date) VALUES (25, 27, 260.88, '2023-05-14');
INSERT INTO Payments (payment_id, customer_id, amount, payment_date) VALUES (26, 43, 308.57, '2024-02-13');
INSERT INTO Payments (payment_id, customer_id, amount, payment_date) VALUES (27, 28, 225.29, '2024-05-17');
INSERT INTO Payments (payment_id, customer_id, amount, payment_date) VALUES (28, 15, 269.23, '2024-11-03');
INSERT INTO Payments (payment_id, customer_id, amount, payment_date) VALUES (29, 14, 488.52, '2024-04-04');
INSERT INTO Payments (payment_id, customer_id, amount, payment_date) VALUES (30, 50, 257.91, '2024-09-22');
INSERT INTO Payments (payment_id, customer_id, amount, payment_date) VALUES (31, 14, 228.52, '2023-02-04');
INSERT INTO Payments (payment_id, customer_id, amount, payment_date) VALUES (32, 53, 262.99, '2024-12-01');
INSERT INTO Payments (payment_id, customer_id, amount, payment_date) VALUES (33, 29, 431.67, '2024-02-17');
INSERT INTO Payments (payment_id, customer_id, amount, payment_date) VALUES (34, 27, 336.52, '2024-04-23');
INSERT INTO Payments (payment_id, customer_id, amount, payment_date) VALUES (35, 42, 115.67, '2024-03-25');
INSERT INTO Payments (payment_id, customer_id, amount, payment_date) VALUES (36, 49, 298.62, '2023-02-15');
INSERT INTO Payments (payment_id, customer_id, amount, payment_date) VALUES (37, 30, 369.52, '2024-02-06');
INSERT INTO Payments (payment_id, customer_id, amount, payment_date) VALUES (38, 38, 278.21, '2024-05-24');
INSERT INTO Payments (payment_id, customer_id, amount, payment_date) VALUES (39, 38, 308.43, '2024-06-15');
INSERT INTO Payments (payment_id, customer_id, amount, payment_date) VALUES (40, 35, 283.25, '2023-12-08');
INSERT INTO Payments (payment_id, customer_id, amount, payment_date) VALUES (41, 43, 80.54, '2024-06-22');
INSERT INTO Payments (payment_id, customer_id, amount, payment_date) VALUES (42, 39, 128.46, '2024-05-26');
INSERT INTO Payments (payment_id, customer_id, amount, payment_date) VALUES (43, 43, 494.9, '2023-07-11');
INSERT INTO Payments (payment_id, customer_id, amount, payment_date) VALUES (44, 21, 154.6, '2023-05-10');
INSERT INTO Payments (payment_id, customer_id, amount, payment_date) VALUES (45, 26, 260.4, '2023-04-17');
INSERT INTO Payments (payment_id, customer_id, amount, payment_date) VALUES (46, 27, 389.31, '2024-06-12');
INSERT INTO Payments (payment_id, customer_id, amount, payment_date) VALUES (47, 38, 82.53, '2023-07-07');
INSERT INTO Payments (payment_id, customer_id, amount, payment_date) VALUES (48, 5, 148.58, '2024-07-19');
INSERT INTO Payments (payment_id, customer_id, amount, payment_date) VALUES (49, 8, 422.52, '2023-03-21');
INSERT INTO Payments (payment_id, customer_id, amount, payment_date) VALUES (50, 31, 481.55, '2023-03-26');
INSERT INTO Payments (payment_id, customer_id, amount, payment_date) VALUES (51, 19, 124.91, '2024-01-30');
INSERT INTO Payments (payment_id, customer_id, amount, payment_date) VALUES (52, 15, 129.66, '2024-05-17');
INSERT INTO Payments (payment_id, customer_id, amount, payment_date) VALUES (53, 32, 358.59, '2023-04-12');
INSERT INTO Payments (payment_id, customer_id, amount, payment_date) VALUES (54, 9, 494.24, '2023-12-21');
INSERT INTO Payments (payment_id, customer_id, amount, payment_date) VALUES (55, 15, 444.87, '2023-07-19');
INSERT INTO Payments (payment_id, customer_id, amount, payment_date) VALUES (56, 8, 436.0, '2024-08-04');
INSERT INTO Payments (payment_id, customer_id, amount, payment_date) VALUES (57, 31, 276.36, '2023-07-08');
INSERT INTO Payments (payment_id, customer_id, amount, payment_date) VALUES (58, 41, 418.16, '2024-07-13');
INSERT INTO Payments (payment_id, customer_id, amount, payment_date) VALUES (59, 5, 278.14, '2023-04-30');
INSERT INTO Payments (payment_id, customer_id, amount, payment_date) VALUES (60, 50, 233.7, '2023-04-06');
INSERT INTO Promotions (promo_id, promo_name, discount_percent, start_date, end_date) VALUES (1, 'Promo 1', 14, '2024-09-08', '2024-10-08');
INSERT INTO Promotions (promo_id, promo_name, discount_percent, start_date, end_date) VALUES (2, 'Promo 2', 10, '2023-06-04', '2023-07-04');
INSERT INTO Promotions (promo_id, promo_name, discount_percent, start_date, end_date) VALUES (3, 'Promo 3', 11, '2024-01-12', '2024-02-11');
INSERT INTO Promotions (promo_id, promo_name, discount_percent, start_date, end_date) VALUES (4, 'Promo 4', 14, '2023-03-10', '2023-04-09');
INSERT INTO Promotions (promo_id, promo_name, discount_percent, start_date, end_date) VALUES (5, 'Promo 5', 6, '2024-12-14', '2025-01-13');
INSERT INTO ProductReviews (review_id, product_code, customer_id, rating, comment) VALUES (1, 'P0030', 36, 1, 'Review 1');
INSERT INTO ProductReviews (review_id, product_code, customer_id, rating, comment) VALUES (2, 'P0028', 31, 3, 'Review 2');
INSERT INTO ProductReviews (review_id, product_code, customer_id, rating, comment) VALUES (3, 'P0024', 45, 1, 'Review 3');
INSERT INTO ProductReviews (review_id, product_code, customer_id, rating, comment) VALUES (4, 'P0003', 6, 1, 'Review 4');
INSERT INTO ProductReviews (review_id, product_code, customer_id, rating, comment) VALUES (5, 'P0001', 38, 3, 'Review 5');
INSERT INTO ProductReviews (review_id, product_code, customer_id, rating, comment) VALUES (6, 'P0022', 8, 1, 'Review 6');
INSERT INTO ProductReviews (review_id, product_code, customer_id, rating, comment) VALUES (7, 'P0045', 58, 5, 'Review 7');
INSERT INTO ProductReviews (review_id, product_code, customer_id, rating, comment) VALUES (8, 'P0029', 40, 1, 'Review 8');
INSERT INTO ProductReviews (review_id, product_code, customer_id, rating, comment) VALUES (9, 'P0013', 18, 3, 'Review 9');
INSERT INTO ProductReviews (review_id, product_code, customer_id, rating, comment) VALUES (10, 'P0053', 45, 4, 'Review 10');
INSERT INTO ProductReviews (review_id, product_code, customer_id, rating, comment) VALUES (11, 'P0051', 9, 3, 'Review 11');
INSERT INTO ProductReviews (review_id, product_code, customer_id, rating, comment) VALUES (12, 'P0049', 37, 3, 'Review 12');
INSERT INTO ProductReviews (review_id, product_code, customer_id, rating, comment) VALUES (13, 'P0020', 48, 1, 'Review 13');
INSERT INTO ProductReviews (review_id, product_code, customer_id, rating, comment) VALUES (14, 'P0005', 7, 2, 'Review 14');
INSERT INTO ProductReviews (review_id, product_code, customer_id, rating, comment) VALUES (15, 'P0040', 2, 2, 'Review 15');
INSERT INTO ProductReviews (review_id, product_code, customer_id, rating, comment) VALUES (16, 'P0032', 20, 5, 'Review 16');
INSERT INTO ProductReviews (review_id, product_code, customer_id, rating, comment) VALUES (17, 'P0006', 58, 5, 'Review 17');
INSERT INTO ProductReviews (review_id, product_code, customer_id, rating, comment) VALUES (18, 'P0041', 37, 3, 'Review 18');
INSERT INTO ProductReviews (review_id, product_code, customer_id, rating, comment) VALUES (19, 'P0028', 4, 5, 'Review 19');
INSERT INTO ProductReviews (review_id, product_code, customer_id, rating, comment) VALUES (20, 'P0034', 30, 3, 'Review 20');
INSERT INTO ProductReviews (review_id, product_code, customer_id, rating, comment) VALUES (21, 'P0051', 48, 4, 'Review 21');
INSERT INTO ProductReviews (review_id, product_code, customer_id, rating, comment) VALUES (22, 'P0060', 40, 4, 'Review 22');
INSERT INTO ProductReviews (review_id, product_code, customer_id, rating, comment) VALUES (23, 'P0008', 51, 4, 'Review 23');
INSERT INTO ProductReviews (review_id, product_code, customer_id, rating, comment) VALUES (24, 'P0011', 57, 1, 'Review 24');
INSERT INTO ProductReviews (review_id, product_code, customer_id, rating, comment) VALUES (25, 'P0037', 35, 3, 'Review 25');
INSERT INTO ProductReviews (review_id, product_code, customer_id, rating, comment) VALUES (26, 'P0038', 1, 4, 'Review 26');
INSERT INTO ProductReviews (review_id, product_code, customer_id, rating, comment) VALUES (27, 'P0013', 42, 2, 'Review 27');
INSERT INTO ProductReviews (review_id, product_code, customer_id, rating, comment) VALUES (28, 'P0008', 33, 1, 'Review 28');
INSERT INTO ProductReviews (review_id, product_code, customer_id, rating, comment) VALUES (29, 'P0009', 4, 2, 'Review 29');
INSERT INTO ProductReviews (review_id, product_code, customer_id, rating, comment) VALUES (30, 'P0052', 18, 2, 'Review 30');
INSERT INTO ProductReviews (review_id, product_code, customer_id, rating, comment) VALUES (31, 'P0049', 14, 5, 'Review 31');
INSERT INTO ProductReviews (review_id, product_code, customer_id, rating, comment) VALUES (32, 'P0031', 28, 3, 'Review 32');
INSERT INTO ProductReviews (review_id, product_code, customer_id, rating, comment) VALUES (33, 'P0016', 7, 5, 'Review 33');
INSERT INTO ProductReviews (review_id, product_code, customer_id, rating, comment) VALUES (34, 'P0009', 16, 5, 'Review 34');
INSERT INTO ProductReviews (review_id, product_code, customer_id, rating, comment) VALUES (35, 'P0059', 28, 1, 'Review 35');
INSERT INTO ProductReviews (review_id, product_code, customer_id, rating, comment) VALUES (36, 'P0007', 50, 2, 'Review 36');
INSERT INTO ProductReviews (review_id, product_code, customer_id, rating, comment) VALUES (37, 'P0027', 2, 2, 'Review 37');
INSERT INTO ProductReviews (review_id, product_code, customer_id, rating, comment) VALUES (38, 'P0048', 53, 1, 'Review 38');
INSERT INTO ProductReviews (review_id, product_code, customer_id, rating, comment) VALUES (39, 'P0044', 9, 1, 'Review 39');
INSERT INTO ProductReviews (review_id, product_code, customer_id, rating, comment) VALUES (40, 'P0042', 12, 1, 'Review 40');
INSERT INTO ProductReviews (review_id, product_code, customer_id, rating, comment) VALUES (41, 'P0008', 11, 3, 'Review 41');
INSERT INTO ProductReviews (review_id, product_code, customer_id, rating, comment) VALUES (42, 'P0001', 59, 1, 'Review 42');
INSERT INTO ProductReviews (review_id, product_code, customer_id, rating, comment) VALUES (43, 'P0043', 27, 1, 'Review 43');
INSERT INTO ProductReviews (review_id, product_code, customer_id, rating, comment) VALUES (44, 'P0030', 5, 2, 'Review 44');
INSERT INTO ProductReviews (review_id, product_code, customer_id, rating, comment) VALUES (45, 'P0045', 39, 2, 'Review 45');
INSERT INTO ProductReviews (review_id, product_code, customer_id, rating, comment) VALUES (46, 'P0029', 51, 3, 'Review 46');
INSERT INTO ProductReviews (review_id, product_code, customer_id, rating, comment) VALUES (47, 'P0047', 34, 3, 'Review 47');
INSERT INTO ProductReviews (review_id, product_code, customer_id, rating, comment) VALUES (48, 'P0041', 41, 3, 'Review 48');
INSERT INTO ProductReviews (review_id, product_code, customer_id, rating, comment) VALUES (49, 'P0053', 40, 4, 'Review 49');
INSERT INTO ProductReviews (review_id, product_code, customer_id, rating, comment) VALUES (50, 'P0030', 60, 4, 'Review 50');
INSERT INTO ProductReviews (review_id, product_code, customer_id, rating, comment) VALUES (51, 'P0044', 11, 2, 'Review 51');
INSERT INTO ProductReviews (review_id, product_code, customer_id, rating, comment) VALUES (52, 'P0013', 5, 2, 'Review 52');
INSERT INTO ProductReviews (review_id, product_code, customer_id, rating, comment) VALUES (53, 'P0011', 35, 4, 'Review 53');
INSERT INTO ProductReviews (review_id, product_code, customer_id, rating, comment) VALUES (54, 'P0027', 53, 1, 'Review 54');
INSERT INTO ProductReviews (review_id, product_code, customer_id, rating, comment) VALUES (55, 'P0012', 39, 5, 'Review 55');
INSERT INTO ProductReviews (review_id, product_code, customer_id, rating, comment) VALUES (56, 'P0001', 23, 4, 'Review 56');
INSERT INTO ProductReviews (review_id, product_code, customer_id, rating, comment) VALUES (57, 'P0039', 36, 5, 'Review 57');
INSERT INTO ProductReviews (review_id, product_code, customer_id, rating, comment) VALUES (58, 'P0060', 23, 1, 'Review 58');
INSERT INTO ProductReviews (review_id, product_code, customer_id, rating, comment) VALUES (59, 'P0047', 54, 3, 'Review 59');
INSERT INTO ProductReviews (review_id, product_code, customer_id, rating, comment) VALUES (60, 'P0024', 48, 5, 'Review 60');
INSERT INTO Inventory (inventory_id, product_code, quantity_in_stock, warehouse_location) VALUES (1, 'P0001', 7, 'Warehouse 1');
INSERT INTO Inventory (inventory_id, product_code, quantity_in_stock, warehouse_location) VALUES (2, 'P0002', 29, 'Warehouse 5');
INSERT INTO Inventory (inventory_id, product_code, quantity_in_stock, warehouse_location) VALUES (3, 'P0003', 2, 'Warehouse 1');
INSERT INTO Inventory (inventory_id, product_code, quantity_in_stock, warehouse_location) VALUES (4, 'P0004', 35, 'Warehouse 1');
INSERT INTO Inventory (inventory_id, product_code, quantity_in_stock, warehouse_location) VALUES (5, 'P0005', 54, 'Warehouse 3');
INSERT INTO Inventory (inventory_id, product_code, quantity_in_stock, warehouse_location) VALUES (6, 'P0006', 22, 'Warehouse 4');
INSERT INTO Inventory (inventory_id, product_code, quantity_in_stock, warehouse_location) VALUES (7, 'P0007', 2, 'Warehouse 4');
INSERT INTO Inventory (inventory_id, product_code, quantity_in_stock, warehouse_location) VALUES (8, 'P0008', 31, 'Warehouse 1');
INSERT INTO Inventory (inventory_id, product_code, quantity_in_stock, warehouse_location) VALUES (9, 'P0009', 97, 'Warehouse 2');
INSERT INTO Inventory (inventory_id, product_code, quantity_in_stock, warehouse_location) VALUES (10, 'P0010', 50, 'Warehouse 4');
INSERT INTO Inventory (inventory_id, product_code, quantity_in_stock, warehouse_location) VALUES (11, 'P0011', 54, 'Warehouse 4');
INSERT INTO Inventory (inventory_id, product_code, quantity_in_stock, warehouse_location) VALUES (12, 'P0012', 34, 'Warehouse 2');
INSERT INTO Inventory (inventory_id, product_code, quantity_in_stock, warehouse_location) VALUES (13, 'P0013', 50, 'Warehouse 2');
INSERT INTO Inventory (inventory_id, product_code, quantity_in_stock, warehouse_location) VALUES (14, 'P0014', 37, 'Warehouse 2');
INSERT INTO Inventory (inventory_id, product_code, quantity_in_stock, warehouse_location) VALUES (15, 'P0015', 63, 'Warehouse 1');
INSERT INTO Inventory (inventory_id, product_code, quantity_in_stock, warehouse_location) VALUES (16, 'P0016', 4, 'Warehouse 4');
INSERT INTO Inventory (inventory_id, product_code, quantity_in_stock, warehouse_location) VALUES (17, 'P0017', 72, 'Warehouse 3');
INSERT INTO Inventory (inventory_id, product_code, quantity_in_stock, warehouse_location) VALUES (18, 'P0018', 52, 'Warehouse 2');
INSERT INTO Inventory (inventory_id, product_code, quantity_in_stock, warehouse_location) VALUES (19, 'P0019', 54, 'Warehouse 3');
INSERT INTO Inventory (inventory_id, product_code, quantity_in_stock, warehouse_location) VALUES (20, 'P0020', 75, 'Warehouse 3');
INSERT INTO Inventory (inventory_id, product_code, quantity_in_stock, warehouse_location) VALUES (21, 'P0021', 83, 'Warehouse 3');
INSERT INTO Inventory (inventory_id, product_code, quantity_in_stock, warehouse_location) VALUES (22, 'P0022', 29, 'Warehouse 1');
INSERT INTO Inventory (inventory_id, product_code, quantity_in_stock, warehouse_location) VALUES (23, 'P0023', 17, 'Warehouse 5');
INSERT INTO Inventory (inventory_id, product_code, quantity_in_stock, warehouse_location) VALUES (24, 'P0024', 76, 'Warehouse 2');
INSERT INTO Inventory (inventory_id, product_code, quantity_in_stock, warehouse_location) VALUES (25, 'P0025', 83, 'Warehouse 2');
INSERT INTO Inventory (inventory_id, product_code, quantity_in_stock, warehouse_location) VALUES (26, 'P0026', 97, 'Warehouse 1');
INSERT INTO Inventory (inventory_id, product_code, quantity_in_stock, warehouse_location) VALUES (27, 'P0027', 83, 'Warehouse 1');
INSERT INTO Inventory (inventory_id, product_code, quantity_in_stock, warehouse_location) VALUES (28, 'P0028', 57, 'Warehouse 5');
INSERT INTO Inventory (inventory_id, product_code, quantity_in_stock, warehouse_location) VALUES (29, 'P0029', 63, 'Warehouse 1');
INSERT INTO Inventory (inventory_id, product_code, quantity_in_stock, warehouse_location) VALUES (30, 'P0030', 6, 'Warehouse 2');
INSERT INTO Inventory (inventory_id, product_code, quantity_in_stock, warehouse_location) VALUES (31, 'P0031', 57, 'Warehouse 4');
INSERT INTO Inventory (inventory_id, product_code, quantity_in_stock, warehouse_location) VALUES (32, 'P0032', 82, 'Warehouse 5');
INSERT INTO Inventory (inventory_id, product_code, quantity_in_stock, warehouse_location) VALUES (33, 'P0033', 22, 'Warehouse 2');
INSERT INTO Inventory (inventory_id, product_code, quantity_in_stock, warehouse_location) VALUES (34, 'P0034', 62, 'Warehouse 5');
INSERT INTO Inventory (inventory_id, product_code, quantity_in_stock, warehouse_location) VALUES (35, 'P0035', 3, 'Warehouse 2');
INSERT INTO Inventory (inventory_id, product_code, quantity_in_stock, warehouse_location) VALUES (36, 'P0036', 3, 'Warehouse 2');
INSERT INTO Inventory (inventory_id, product_code, quantity_in_stock, warehouse_location) VALUES (37, 'P0037', 89, 'Warehouse 4');
INSERT INTO Inventory (inventory_id, product_code, quantity_in_stock, warehouse_location) VALUES (38, 'P0038', 93, 'Warehouse 3');
INSERT INTO Inventory (inventory_id, product_code, quantity_in_stock, warehouse_location) VALUES (39, 'P0039', 82, 'Warehouse 3');
INSERT INTO Inventory (inventory_id, product_code, quantity_in_stock, warehouse_location) VALUES (40, 'P0040', 22, 'Warehouse 2');
INSERT INTO Inventory (inventory_id, product_code, quantity_in_stock, warehouse_location) VALUES (41, 'P0041', 67, 'Warehouse 4');
INSERT INTO Inventory (inventory_id, product_code, quantity_in_stock, warehouse_location) VALUES (42, 'P0042', 11, 'Warehouse 3');
INSERT INTO Inventory (inventory_id, product_code, quantity_in_stock, warehouse_location) VALUES (43, 'P0043', 56, 'Warehouse 2');
INSERT INTO Inventory (inventory_id, product_code, quantity_in_stock, warehouse_location) VALUES (44, 'P0044', 45, 'Warehouse 3');
INSERT INTO Inventory (inventory_id, product_code, quantity_in_stock, warehouse_location) VALUES (45, 'P0045', 70, 'Warehouse 1');
INSERT INTO Inventory (inventory_id, product_code, quantity_in_stock, warehouse_location) VALUES (46, 'P0046', 92, 'Warehouse 3');
INSERT INTO Inventory (inventory_id, product_code, quantity_in_stock, warehouse_location) VALUES (47, 'P0047', 15, 'Warehouse 3');
INSERT INTO Inventory (inventory_id, product_code, quantity_in_stock, warehouse_location) VALUES (48, 'P0048', 8, 'Warehouse 3');
INSERT INTO Inventory (inventory_id, product_code, quantity_in_stock, warehouse_location) VALUES (49, 'P0049', 86, 'Warehouse 4');
INSERT INTO Inventory (inventory_id, product_code, quantity_in_stock, warehouse_location) VALUES (50, 'P0050', 59, 'Warehouse 4');
INSERT INTO Inventory (inventory_id, product_code, quantity_in_stock, warehouse_location) VALUES (51, 'P0051', 99, 'Warehouse 4');
INSERT INTO Inventory (inventory_id, product_code, quantity_in_stock, warehouse_location) VALUES (52, 'P0052', 35, 'Warehouse 1');
INSERT INTO Inventory (inventory_id, product_code, quantity_in_stock, warehouse_location) VALUES (53, 'P0053', 86, 'Warehouse 3');
INSERT INTO Inventory (inventory_id, product_code, quantity_in_stock, warehouse_location) VALUES (54, 'P0054', 55, 'Warehouse 1');
INSERT INTO Inventory (inventory_id, product_code, quantity_in_stock, warehouse_location) VALUES (55, 'P0055', 69, 'Warehouse 2');
INSERT INTO Inventory (inventory_id, product_code, quantity_in_stock, warehouse_location) VALUES (56, 'P0056', 40, 'Warehouse 5');
INSERT INTO Inventory (inventory_id, product_code, quantity_in_stock, warehouse_location) VALUES (57, 'P0057', 91, 'Warehouse 1');
INSERT INTO Inventory (inventory_id, product_code, quantity_in_stock, warehouse_location) VALUES (58, 'P0058', 79, 'Warehouse 1');
INSERT INTO Inventory (inventory_id, product_code, quantity_in_stock, warehouse_location) VALUES (59, 'P0059', 92, 'Warehouse 5');
INSERT INTO Inventory (inventory_id, product_code, quantity_in_stock, warehouse_location) VALUES (60, 'P0060', 68, 'Warehouse 1');
INSERT INTO UserAccounts (customer_id, password_hash, created_at) VALUES (1, 'hashed_pass_1', '2024-12-16');
INSERT INTO UserAccounts (customer_id, password_hash, created_at) VALUES (2, 'hashed_pass_2', '2024-07-27');
INSERT INTO UserAccounts (customer_id, password_hash, created_at) VALUES (3, 'hashed_pass_3', '2024-08-27');
INSERT INTO UserAccounts (customer_id, password_hash, created_at) VALUES (4, 'hashed_pass_4', '2023-01-13');
INSERT INTO UserAccounts (customer_id, password_hash, created_at) VALUES (5, 'hashed_pass_5', '2023-07-17');
INSERT INTO UserAccounts (customer_id, password_hash, created_at) VALUES (6, 'hashed_pass_6', '2024-06-06');
INSERT INTO UserAccounts (customer_id, password_hash, created_at) VALUES (7, 'hashed_pass_7', '2024-12-23');
INSERT INTO UserAccounts (customer_id, password_hash, created_at) VALUES (8, 'hashed_pass_8', '2023-01-29');
INSERT INTO UserAccounts (customer_id, password_hash, created_at) VALUES (9, 'hashed_pass_9', '2024-08-24');
INSERT INTO UserAccounts (customer_id, password_hash, created_at) VALUES (10, 'hashed_pass_10', '2023-04-04');
INSERT INTO UserAccounts (customer_id, password_hash, created_at) VALUES (11, 'hashed_pass_11', '2024-08-03');
INSERT INTO UserAccounts (customer_id, password_hash, created_at) VALUES (12, 'hashed_pass_12', '2024-02-02');
INSERT INTO UserAccounts (customer_id, password_hash, created_at) VALUES (13, 'hashed_pass_13', '2024-05-07');
INSERT INTO UserAccounts (customer_id, password_hash, created_at) VALUES (14, 'hashed_pass_14', '2023-09-11');
INSERT INTO UserAccounts (customer_id, password_hash, created_at) VALUES (15, 'hashed_pass_15', '2024-03-17');
INSERT INTO UserAccounts (customer_id, password_hash, created_at) VALUES (16, 'hashed_pass_16', '2023-05-26');
INSERT INTO UserAccounts (customer_id, password_hash, created_at) VALUES (17, 'hashed_pass_17', '2024-06-04');
INSERT INTO UserAccounts (customer_id, password_hash, created_at) VALUES (18, 'hashed_pass_18', '2024-10-30');
INSERT INTO UserAccounts (customer_id, password_hash, created_at) VALUES (19, 'hashed_pass_19', '2024-10-03');
INSERT INTO UserAccounts (customer_id, password_hash, created_at) VALUES (20, 'hashed_pass_20', '2023-04-14');
INSERT INTO UserAccounts (customer_id, password_hash, created_at) VALUES (21, 'hashed_pass_21', '2023-07-06');
INSERT INTO UserAccounts (customer_id, password_hash, created_at) VALUES (22, 'hashed_pass_22', '2023-11-30');
INSERT INTO UserAccounts (customer_id, password_hash, created_at) VALUES (23, 'hashed_pass_23', '2024-07-12');
INSERT INTO UserAccounts (customer_id, password_hash, created_at) VALUES (24, 'hashed_pass_24', '2024-05-04');
INSERT INTO UserAccounts (customer_id, password_hash, created_at) VALUES (25, 'hashed_pass_25', '2023-03-08');
INSERT INTO UserAccounts (customer_id, password_hash, created_at) VALUES (26, 'hashed_pass_26', '2023-08-24');
INSERT INTO UserAccounts (customer_id, password_hash, created_at) VALUES (27, 'hashed_pass_27', '2023-06-21');
INSERT INTO UserAccounts (customer_id, password_hash, created_at) VALUES (28, 'hashed_pass_28', '2024-11-29');
INSERT INTO UserAccounts (customer_id, password_hash, created_at) VALUES (29, 'hashed_pass_29', '2024-11-28');
INSERT INTO UserAccounts (customer_id, password_hash, created_at) VALUES (30, 'hashed_pass_30', '2023-08-31');
INSERT INTO UserAccounts (customer_id, password_hash, created_at) VALUES (31, 'hashed_pass_31', '2023-09-04');
INSERT INTO UserAccounts (customer_id, password_hash, created_at) VALUES (32, 'hashed_pass_32', '2024-04-18');
INSERT INTO UserAccounts (customer_id, password_hash, created_at) VALUES (33, 'hashed_pass_33', '2023-03-17');
INSERT INTO UserAccounts (customer_id, password_hash, created_at) VALUES (34, 'hashed_pass_34', '2023-03-05');
INSERT INTO UserAccounts (customer_id, password_hash, created_at) VALUES (35, 'hashed_pass_35', '2024-05-03');
INSERT INTO UserAccounts (customer_id, password_hash, created_at) VALUES (36, 'hashed_pass_36', '2024-11-27');
INSERT INTO UserAccounts (customer_id, password_hash, created_at) VALUES (37, 'hashed_pass_37', '2024-05-15');
INSERT INTO UserAccounts (customer_id, password_hash, created_at) VALUES (38, 'hashed_pass_38', '2024-01-15');
INSERT INTO UserAccounts (customer_id, password_hash, created_at) VALUES (39, 'hashed_pass_39', '2023-06-09');
INSERT INTO UserAccounts (customer_id, password_hash, created_at) VALUES (40, 'hashed_pass_40', '2023-05-28');
INSERT INTO UserAccounts (customer_id, password_hash, created_at) VALUES (41, 'hashed_pass_41', '2023-08-14');
INSERT INTO UserAccounts (customer_id, password_hash, created_at) VALUES (42, 'hashed_pass_42', '2023-05-22');
INSERT INTO UserAccounts (customer_id, password_hash, created_at) VALUES (43, 'hashed_pass_43', '2024-04-27');
INSERT INTO UserAccounts (customer_id, password_hash, created_at) VALUES (44, 'hashed_pass_44', '2024-08-26');
INSERT INTO UserAccounts (customer_id, password_hash, created_at) VALUES (45, 'hashed_pass_45', '2024-10-27');
INSERT INTO UserAccounts (customer_id, password_hash, created_at) VALUES (46, 'hashed_pass_46', '2023-05-04');
INSERT INTO UserAccounts (customer_id, password_hash, created_at) VALUES (47, 'hashed_pass_47', '2023-04-21');
INSERT INTO UserAccounts (customer_id, password_hash, created_at) VALUES (48, 'hashed_pass_48', '2023-10-18');
INSERT INTO UserAccounts (customer_id, password_hash, created_at) VALUES (49, 'hashed_pass_49', '2023-10-10');
INSERT INTO UserAccounts (customer_id, password_hash, created_at) VALUES (50, 'hashed_pass_50', '2023-02-22');
INSERT INTO UserAccounts (customer_id, password_hash, created_at) VALUES (51, 'hashed_pass_51', '2023-06-30');
INSERT INTO UserAccounts (customer_id, password_hash, created_at) VALUES (52, 'hashed_pass_52', '2023-08-06');
INSERT INTO UserAccounts (customer_id, password_hash, created_at) VALUES (53, 'hashed_pass_53', '2024-02-12');
INSERT INTO UserAccounts (customer_id, password_hash, created_at) VALUES (54, 'hashed_pass_54', '2024-06-01');
INSERT INTO UserAccounts (customer_id, password_hash, created_at) VALUES (55, 'hashed_pass_55', '2023-04-22');
INSERT INTO UserAccounts (customer_id, password_hash, created_at) VALUES (56, 'hashed_pass_56', '2024-04-09');
INSERT INTO UserAccounts (customer_id, password_hash, created_at) VALUES (57, 'hashed_pass_57', '2024-08-16');
INSERT INTO UserAccounts (customer_id, password_hash, created_at) VALUES (58, 'hashed_pass_58', '2024-04-27');
INSERT INTO UserAccounts (customer_id, password_hash, created_at) VALUES (59, 'hashed_pass_59', '2023-07-19');
INSERT INTO UserAccounts (customer_id, password_hash, created_at) VALUES (60, 'hashed_pass_60', '2023-11-22');
INSERT INTO CampaignTracking (campaign_id, campaign_name, start_date, end_date, channel, budget) VALUES (1, 'Campaign 1', '2024-08-22', '2024-09-06', 'Social', 7245.56);
INSERT INTO CampaignTracking (campaign_id, campaign_name, start_date, end_date, channel, budget) VALUES (2, 'Campaign 2', '2024-05-18', '2024-06-02', 'Social', 4961.64);
INSERT INTO CampaignTracking (campaign_id, campaign_name, start_date, end_date, channel, budget) VALUES (3, 'Campaign 3', '2024-04-09', '2024-04-24', 'Social', 2961.59);
INSERT INTO CampaignTracking (campaign_id, campaign_name, start_date, end_date, channel, budget) VALUES (4, 'Campaign 4', '2024-06-04', '2024-06-19', 'Social', 7899.84);
INSERT INTO CampaignTracking (campaign_id, campaign_name, start_date, end_date, channel, budget) VALUES (5, 'Campaign 5', '2024-12-24', '2025-01-08', 'Email', 4308.07);
INSERT INTO CustomerSegments (segment_id, segment_name, criteria) VALUES (1, 'Segment 1', 'Criteria 1');
INSERT INTO CustomerSegments (segment_id, segment_name, criteria) VALUES (2, 'Segment 2', 'Criteria 2');
INSERT INTO CustomerSegments (segment_id, segment_name, criteria) VALUES (3, 'Segment 3', 'Criteria 3');
INSERT INTO CustomerSegments (segment_id, segment_name, criteria) VALUES (4, 'Segment 4', 'Criteria 4');
INSERT INTO CustomerSegments (segment_id, segment_name, criteria) VALUES (5, 'Segment 5', 'Criteria 5');
INSERT INTO CustomerSegmentMap (customer_id, segment_id) VALUES (41, 4);
INSERT INTO CustomerSegmentMap (customer_id, segment_id) VALUES (3, 5);
INSERT INTO CustomerSegmentMap (customer_id, segment_id) VALUES (40, 1);
INSERT INTO CustomerSegmentMap (customer_id, segment_id) VALUES (13, 4);
INSERT INTO CustomerSegmentMap (customer_id, segment_id) VALUES (54, 4);
INSERT INTO CustomerSegmentMap (customer_id, segment_id) VALUES (59, 4);
INSERT INTO CustomerSegmentMap (customer_id, segment_id) VALUES (27, 1);
INSERT INTO CustomerSegmentMap (customer_id, segment_id) VALUES (16, 5);
INSERT INTO CustomerSegmentMap (customer_id, segment_id) VALUES (55, 2);
INSERT INTO CustomerSegmentMap (customer_id, segment_id) VALUES (46, 2);
INSERT INTO CustomerSegmentMap (customer_id, segment_id) VALUES (31, 1);
INSERT INTO CustomerSegmentMap (customer_id, segment_id) VALUES (18, 3);
INSERT INTO CustomerSegmentMap (customer_id, segment_id) VALUES (9, 3);
INSERT INTO CustomerSegmentMap (customer_id, segment_id) VALUES (57, 2);
INSERT INTO CustomerSegmentMap (customer_id, segment_id) VALUES (49, 1);
INSERT INTO CustomerSegmentMap (customer_id, segment_id) VALUES (5, 1);
INSERT INTO CustomerSegmentMap (customer_id, segment_id) VALUES (8, 3);
INSERT INTO CustomerSegmentMap (customer_id, segment_id) VALUES (53, 3);
INSERT INTO CustomerSegmentMap (customer_id, segment_id) VALUES (29, 2);
INSERT INTO CustomerSegmentMap (customer_id, segment_id) VALUES (45, 2);
INSERT INTO CustomerSegmentMap (customer_id, segment_id) VALUES (47, 5);
INSERT INTO CustomerSegmentMap (customer_id, segment_id) VALUES (19, 4);
INSERT INTO CustomerSegmentMap (customer_id, segment_id) VALUES (26, 4);
INSERT INTO CustomerSegmentMap (customer_id, segment_id) VALUES (3, 1);
INSERT INTO CustomerSegmentMap (customer_id, segment_id) VALUES (23, 4);
INSERT INTO CustomerSegmentMap (customer_id, segment_id) VALUES (42, 5);
INSERT INTO CustomerSegmentMap (customer_id, segment_id) VALUES (19, 2);
INSERT INTO CustomerSegmentMap (customer_id, segment_id) VALUES (36, 4);
INSERT INTO CustomerSegmentMap (customer_id, segment_id) VALUES (43, 4);
INSERT INTO CustomerSegmentMap (customer_id, segment_id) VALUES (53, 5);
INSERT INTO CustomerSegmentMap (customer_id, segment_id) VALUES (2, 3);
INSERT INTO CustomerSegmentMap (customer_id, segment_id) VALUES (6, 2);
INSERT INTO CustomerSegmentMap (customer_id, segment_id) VALUES (52, 2);
INSERT INTO CustomerSegmentMap (customer_id, segment_id) VALUES (56, 4);
INSERT INTO CustomerSegmentMap (customer_id, segment_id) VALUES (35, 2);
INSERT INTO CustomerSegmentMap (customer_id, segment_id) VALUES (30, 4);
INSERT INTO CustomerSegmentMap (customer_id, segment_id) VALUES (59, 1);
INSERT INTO CustomerSegmentMap (customer_id, segment_id) VALUES (19, 5);
INSERT INTO CustomerSegmentMap (customer_id, segment_id) VALUES (25, 1);
INSERT INTO CustomerSegmentMap (customer_id, segment_id) VALUES (49, 2);
INSERT INTO CustomerSegmentMap (customer_id, segment_id) VALUES (37, 5);
INSERT INTO CustomerSegmentMap (customer_id, segment_id) VALUES (40, 4);
INSERT INTO CustomerSegmentMap (customer_id, segment_id) VALUES (16, 4);
INSERT INTO CustomerSegmentMap (customer_id, segment_id) VALUES (32, 2);
INSERT INTO CustomerSegmentMap (customer_id, segment_id) VALUES (58, 4);
INSERT INTO CustomerSegmentMap (customer_id, segment_id) VALUES (8, 1);
INSERT INTO CustomerSegmentMap (customer_id, segment_id) VALUES (60, 3);
INSERT INTO CustomerSegmentMap (customer_id, segment_id) VALUES (55, 1);
INSERT INTO CustomerSegmentMap (customer_id, segment_id) VALUES (14, 1);
INSERT INTO CustomerSegmentMap (customer_id, segment_id) VALUES (25, 5);
INSERT INTO CustomerSegmentMap (customer_id, segment_id) VALUES (10, 1);
INSERT INTO CustomerSegmentMap (customer_id, segment_id) VALUES (60, 5);
INSERT INTO CustomerSegmentMap (customer_id, segment_id) VALUES (38, 2);
INSERT INTO CustomerSegmentMap (customer_id, segment_id) VALUES (9, 4);
INSERT INTO CustomerSegmentMap (customer_id, segment_id) VALUES (40, 3);
INSERT INTO CustomerSegmentMap (customer_id, segment_id) VALUES (31, 3);
INSERT INTO CustomerSegmentMap (customer_id, segment_id) VALUES (50, 1);
INSERT INTO CustomerSegmentMap (customer_id, segment_id) VALUES (41, 3);
INSERT INTO CustomerSegmentMap (customer_id, segment_id) VALUES (15, 3);
INSERT INTO CustomerSegmentMap (customer_id, segment_id) VALUES (4, 2);
INSERT INTO SessionLogs (session_id, customer_id, login_timestamp, logout_timestamp, device_type) VALUES (1, 31, '2023-07-02 00:00:00', '2023-07-02 01:00:00', 'Tablet');
INSERT INTO SessionLogs (session_id, customer_id, login_timestamp, logout_timestamp, device_type) VALUES (2, 1, '2024-01-21 00:00:00', '2024-01-21 02:00:00', 'Mobile');
INSERT INTO SessionLogs (session_id, customer_id, login_timestamp, logout_timestamp, device_type) VALUES (3, 17, '2024-02-12 00:00:00', '2024-02-12 02:00:00', 'Mobile');
INSERT INTO SessionLogs (session_id, customer_id, login_timestamp, logout_timestamp, device_type) VALUES (4, 48, '2023-12-06 00:00:00', '2023-12-06 03:00:00', 'Desktop');
INSERT INTO SessionLogs (session_id, customer_id, login_timestamp, logout_timestamp, device_type) VALUES (5, 2, '2024-08-17 00:00:00', '2024-08-17 01:00:00', 'Tablet');
INSERT INTO SessionLogs (session_id, customer_id, login_timestamp, logout_timestamp, device_type) VALUES (6, 9, '2024-07-05 00:00:00', '2024-07-05 05:00:00', 'Desktop');
INSERT INTO SessionLogs (session_id, customer_id, login_timestamp, logout_timestamp, device_type) VALUES (7, 38, '2024-02-22 00:00:00', '2024-02-22 05:00:00', 'Desktop');
INSERT INTO SessionLogs (session_id, customer_id, login_timestamp, logout_timestamp, device_type) VALUES (8, 31, '2024-05-27 00:00:00', '2024-05-27 04:00:00', 'Tablet');
INSERT INTO SessionLogs (session_id, customer_id, login_timestamp, logout_timestamp, device_type) VALUES (9, 36, '2024-07-21 00:00:00', '2024-07-21 02:00:00', 'Mobile');
INSERT INTO SessionLogs (session_id, customer_id, login_timestamp, logout_timestamp, device_type) VALUES (10, 13, '2024-03-18 00:00:00', '2024-03-18 01:00:00', 'Tablet');
INSERT INTO SessionLogs (session_id, customer_id, login_timestamp, logout_timestamp, device_type) VALUES (11, 10, '2023-10-19 00:00:00', '2023-10-19 01:00:00', 'Desktop');
INSERT INTO SessionLogs (session_id, customer_id, login_timestamp, logout_timestamp, device_type) VALUES (12, 57, '2023-03-17 00:00:00', '2023-03-17 05:00:00', 'Mobile');
INSERT INTO SessionLogs (session_id, customer_id, login_timestamp, logout_timestamp, device_type) VALUES (13, 58, '2023-06-27 00:00:00', '2023-06-27 04:00:00', 'Tablet');
INSERT INTO SessionLogs (session_id, customer_id, login_timestamp, logout_timestamp, device_type) VALUES (14, 57, '2024-01-14 00:00:00', '2024-01-14 01:00:00', 'Tablet');
INSERT INTO SessionLogs (session_id, customer_id, login_timestamp, logout_timestamp, device_type) VALUES (15, 48, '2024-03-06 00:00:00', '2024-03-06 02:00:00', 'Mobile');
INSERT INTO SessionLogs (session_id, customer_id, login_timestamp, logout_timestamp, device_type) VALUES (16, 9, '2024-04-21 00:00:00', '2024-04-21 01:00:00', 'Desktop');
INSERT INTO SessionLogs (session_id, customer_id, login_timestamp, logout_timestamp, device_type) VALUES (17, 18, '2023-09-04 00:00:00', '2023-09-04 03:00:00', 'Desktop');
INSERT INTO SessionLogs (session_id, customer_id, login_timestamp, logout_timestamp, device_type) VALUES (18, 29, '2023-03-08 00:00:00', '2023-03-08 01:00:00', 'Desktop');
INSERT INTO SessionLogs (session_id, customer_id, login_timestamp, logout_timestamp, device_type) VALUES (19, 22, '2024-01-10 00:00:00', '2024-01-10 05:00:00', 'Mobile');
INSERT INTO SessionLogs (session_id, customer_id, login_timestamp, logout_timestamp, device_type) VALUES (20, 19, '2023-12-07 00:00:00', '2023-12-07 04:00:00', 'Tablet');
INSERT INTO SessionLogs (session_id, customer_id, login_timestamp, logout_timestamp, device_type) VALUES (21, 44, '2023-07-21 00:00:00', '2023-07-21 02:00:00', 'Mobile');
INSERT INTO SessionLogs (session_id, customer_id, login_timestamp, logout_timestamp, device_type) VALUES (22, 25, '2023-01-08 00:00:00', '2023-01-08 01:00:00', 'Mobile');
INSERT INTO SessionLogs (session_id, customer_id, login_timestamp, logout_timestamp, device_type) VALUES (23, 39, '2024-04-11 00:00:00', '2024-04-11 03:00:00', 'Mobile');
INSERT INTO SessionLogs (session_id, customer_id, login_timestamp, logout_timestamp, device_type) VALUES (24, 23, '2024-02-04 00:00:00', '2024-02-04 04:00:00', 'Desktop');
INSERT INTO SessionLogs (session_id, customer_id, login_timestamp, logout_timestamp, device_type) VALUES (25, 36, '2023-04-14 00:00:00', '2023-04-14 03:00:00', 'Mobile');
INSERT INTO SessionLogs (session_id, customer_id, login_timestamp, logout_timestamp, device_type) VALUES (26, 32, '2024-11-26 00:00:00', '2024-11-26 03:00:00', 'Tablet');
INSERT INTO SessionLogs (session_id, customer_id, login_timestamp, logout_timestamp, device_type) VALUES (27, 51, '2023-08-11 00:00:00', '2023-08-11 05:00:00', 'Tablet');
INSERT INTO SessionLogs (session_id, customer_id, login_timestamp, logout_timestamp, device_type) VALUES (28, 36, '2024-12-03 00:00:00', '2024-12-03 01:00:00', 'Tablet');
INSERT INTO SessionLogs (session_id, customer_id, login_timestamp, logout_timestamp, device_type) VALUES (29, 47, '2023-10-07 00:00:00', '2023-10-07 05:00:00', 'Desktop');
INSERT INTO SessionLogs (session_id, customer_id, login_timestamp, logout_timestamp, device_type) VALUES (30, 3, '2023-12-11 00:00:00', '2023-12-11 03:00:00', 'Mobile');
INSERT INTO SessionLogs (session_id, customer_id, login_timestamp, logout_timestamp, device_type) VALUES (31, 58, '2024-12-16 00:00:00', '2024-12-16 01:00:00', 'Mobile');
INSERT INTO SessionLogs (session_id, customer_id, login_timestamp, logout_timestamp, device_type) VALUES (32, 14, '2023-04-04 00:00:00', '2023-04-04 05:00:00', 'Desktop');
INSERT INTO SessionLogs (session_id, customer_id, login_timestamp, logout_timestamp, device_type) VALUES (33, 41, '2023-02-23 00:00:00', '2023-02-23 02:00:00', 'Mobile');
INSERT INTO SessionLogs (session_id, customer_id, login_timestamp, logout_timestamp, device_type) VALUES (34, 44, '2024-03-11 00:00:00', '2024-03-11 03:00:00', 'Mobile');
INSERT INTO SessionLogs (session_id, customer_id, login_timestamp, logout_timestamp, device_type) VALUES (35, 20, '2024-10-13 00:00:00', '2024-10-13 03:00:00', 'Mobile');
INSERT INTO SessionLogs (session_id, customer_id, login_timestamp, logout_timestamp, device_type) VALUES (36, 46, '2024-08-19 00:00:00', '2024-08-19 03:00:00', 'Desktop');
INSERT INTO SessionLogs (session_id, customer_id, login_timestamp, logout_timestamp, device_type) VALUES (37, 28, '2023-08-19 00:00:00', '2023-08-19 03:00:00', 'Desktop');
INSERT INTO SessionLogs (session_id, customer_id, login_timestamp, logout_timestamp, device_type) VALUES (38, 6, '2024-04-29 00:00:00', '2024-04-29 03:00:00', 'Mobile');
INSERT INTO SessionLogs (session_id, customer_id, login_timestamp, logout_timestamp, device_type) VALUES (39, 49, '2024-07-22 00:00:00', '2024-07-22 05:00:00', 'Mobile');
INSERT INTO SessionLogs (session_id, customer_id, login_timestamp, logout_timestamp, device_type) VALUES (40, 3, '2024-02-07 00:00:00', '2024-02-07 04:00:00', 'Tablet');
INSERT INTO SessionLogs (session_id, customer_id, login_timestamp, logout_timestamp, device_type) VALUES (41, 56, '2023-12-20 00:00:00', '2023-12-20 04:00:00', 'Desktop');
INSERT INTO SessionLogs (session_id, customer_id, login_timestamp, logout_timestamp, device_type) VALUES (42, 2, '2023-05-05 00:00:00', '2023-05-05 01:00:00', 'Mobile');
INSERT INTO SessionLogs (session_id, customer_id, login_timestamp, logout_timestamp, device_type) VALUES (43, 1, '2023-06-05 00:00:00', '2023-06-05 02:00:00', 'Desktop');
INSERT INTO SessionLogs (session_id, customer_id, login_timestamp, logout_timestamp, device_type) VALUES (44, 55, '2024-09-11 00:00:00', '2024-09-11 02:00:00', 'Tablet');
INSERT INTO SessionLogs (session_id, customer_id, login_timestamp, logout_timestamp, device_type) VALUES (45, 5, '2023-09-24 00:00:00', '2023-09-24 02:00:00', 'Mobile');
INSERT INTO SessionLogs (session_id, customer_id, login_timestamp, logout_timestamp, device_type) VALUES (46, 33, '2024-08-06 00:00:00', '2024-08-06 04:00:00', 'Tablet');
INSERT INTO SessionLogs (session_id, customer_id, login_timestamp, logout_timestamp, device_type) VALUES (47, 33, '2024-01-10 00:00:00', '2024-01-10 04:00:00', 'Tablet');
INSERT INTO SessionLogs (session_id, customer_id, login_timestamp, logout_timestamp, device_type) VALUES (48, 33, '2023-06-02 00:00:00', '2023-06-02 03:00:00', 'Desktop');
INSERT INTO SessionLogs (session_id, customer_id, login_timestamp, logout_timestamp, device_type) VALUES (49, 44, '2023-10-10 00:00:00', '2023-10-10 05:00:00', 'Mobile');
INSERT INTO SessionLogs (session_id, customer_id, login_timestamp, logout_timestamp, device_type) VALUES (50, 25, '2023-03-29 00:00:00', '2023-03-29 04:00:00', 'Desktop');
INSERT INTO SessionLogs (session_id, customer_id, login_timestamp, logout_timestamp, device_type) VALUES (51, 26, '2024-02-15 00:00:00', '2024-02-15 04:00:00', 'Tablet');
INSERT INTO SessionLogs (session_id, customer_id, login_timestamp, logout_timestamp, device_type) VALUES (52, 2, '2023-01-30 00:00:00', '2023-01-30 02:00:00', 'Mobile');
INSERT INTO SessionLogs (session_id, customer_id, login_timestamp, logout_timestamp, device_type) VALUES (53, 52, '2023-03-07 00:00:00', '2023-03-07 05:00:00', 'Desktop');
INSERT INTO SessionLogs (session_id, customer_id, login_timestamp, logout_timestamp, device_type) VALUES (54, 32, '2024-03-13 00:00:00', '2024-03-13 05:00:00', 'Desktop');
INSERT INTO SessionLogs (session_id, customer_id, login_timestamp, logout_timestamp, device_type) VALUES (55, 20, '2023-01-29 00:00:00', '2023-01-29 04:00:00', 'Mobile');
INSERT INTO SessionLogs (session_id, customer_id, login_timestamp, logout_timestamp, device_type) VALUES (56, 10, '2024-06-29 00:00:00', '2024-06-29 01:00:00', 'Desktop');
INSERT INTO SessionLogs (session_id, customer_id, login_timestamp, logout_timestamp, device_type) VALUES (57, 56, '2024-08-26 00:00:00', '2024-08-26 04:00:00', 'Tablet');
INSERT INTO SessionLogs (session_id, customer_id, login_timestamp, logout_timestamp, device_type) VALUES (58, 41, '2024-03-28 00:00:00', '2024-03-28 02:00:00', 'Tablet');
INSERT INTO SessionLogs (session_id, customer_id, login_timestamp, logout_timestamp, device_type) VALUES (59, 11, '2023-02-01 00:00:00', '2023-02-01 05:00:00', 'Tablet');
INSERT INTO SessionLogs (session_id, customer_id, login_timestamp, logout_timestamp, device_type) VALUES (60, 58, '2023-01-14 00:00:00', '2023-01-14 04:00:00', 'Desktop');
INSERT INTO ChannelInteractions (interaction_id, customer_id, interaction_type, channel, timestamp, notes) VALUES (1, 46, 'Purchase', 'App', '2024-09-07 00:00:00', 'Interaction 1');
INSERT INTO ChannelInteractions (interaction_id, customer_id, interaction_type, channel, timestamp, notes) VALUES (2, 38, 'View', 'Email', '2023-02-01 00:00:00', 'Interaction 2');
INSERT INTO ChannelInteractions (interaction_id, customer_id, interaction_type, channel, timestamp, notes) VALUES (3, 56, 'Purchase', 'Website', '2023-12-17 00:00:00', 'Interaction 3');
INSERT INTO ChannelInteractions (interaction_id, customer_id, interaction_type, channel, timestamp, notes) VALUES (4, 4, 'Purchase', 'Website', '2023-06-17 00:00:00', 'Interaction 4');
INSERT INTO ChannelInteractions (interaction_id, customer_id, interaction_type, channel, timestamp, notes) VALUES (5, 30, 'View', 'Email', '2024-03-18 00:00:00', 'Interaction 5');
INSERT INTO ChannelInteractions (interaction_id, customer_id, interaction_type, channel, timestamp, notes) VALUES (6, 51, 'Purchase', 'App', '2024-04-17 00:00:00', 'Interaction 6');
INSERT INTO ChannelInteractions (interaction_id, customer_id, interaction_type, channel, timestamp, notes) VALUES (7, 56, 'Click', 'Website', '2024-10-08 00:00:00', 'Interaction 7');
INSERT INTO ChannelInteractions (interaction_id, customer_id, interaction_type, channel, timestamp, notes) VALUES (8, 14, 'Click', 'Email', '2023-04-09 00:00:00', 'Interaction 8');
INSERT INTO ChannelInteractions (interaction_id, customer_id, interaction_type, channel, timestamp, notes) VALUES (9, 52, 'Click', 'Email', '2023-06-02 00:00:00', 'Interaction 9');
INSERT INTO ChannelInteractions (interaction_id, customer_id, interaction_type, channel, timestamp, notes) VALUES (10, 30, 'View', 'App', '2024-12-29 00:00:00', 'Interaction 10');
INSERT INTO ChannelInteractions (interaction_id, customer_id, interaction_type, channel, timestamp, notes) VALUES (11, 16, 'View', 'Email', '2023-03-27 00:00:00', 'Interaction 11');
INSERT INTO ChannelInteractions (interaction_id, customer_id, interaction_type, channel, timestamp, notes) VALUES (12, 7, 'Click', 'Website', '2024-08-19 00:00:00', 'Interaction 12');
INSERT INTO ChannelInteractions (interaction_id, customer_id, interaction_type, channel, timestamp, notes) VALUES (13, 55, 'Purchase', 'Email', '2024-09-09 00:00:00', 'Interaction 13');
INSERT INTO ChannelInteractions (interaction_id, customer_id, interaction_type, channel, timestamp, notes) VALUES (14, 27, 'View', 'Email', '2024-07-10 00:00:00', 'Interaction 14');
INSERT INTO ChannelInteractions (interaction_id, customer_id, interaction_type, channel, timestamp, notes) VALUES (15, 24, 'Purchase', 'Email', '2024-08-15 00:00:00', 'Interaction 15');
INSERT INTO ChannelInteractions (interaction_id, customer_id, interaction_type, channel, timestamp, notes) VALUES (16, 22, 'Click', 'Email', '2023-06-05 00:00:00', 'Interaction 16');
INSERT INTO ChannelInteractions (interaction_id, customer_id, interaction_type, channel, timestamp, notes) VALUES (17, 28, 'Purchase', 'Email', '2023-08-23 00:00:00', 'Interaction 17');
INSERT INTO ChannelInteractions (interaction_id, customer_id, interaction_type, channel, timestamp, notes) VALUES (18, 21, 'Purchase', 'Email', '2024-09-24 00:00:00', 'Interaction 18');
INSERT INTO ChannelInteractions (interaction_id, customer_id, interaction_type, channel, timestamp, notes) VALUES (19, 16, 'Purchase', 'Email', '2023-07-10 00:00:00', 'Interaction 19');
INSERT INTO ChannelInteractions (interaction_id, customer_id, interaction_type, channel, timestamp, notes) VALUES (20, 7, 'Click', 'Email', '2024-11-03 00:00:00', 'Interaction 20');
INSERT INTO ChannelInteractions (interaction_id, customer_id, interaction_type, channel, timestamp, notes) VALUES (21, 9, 'View', 'Website', '2023-06-25 00:00:00', 'Interaction 21');
INSERT INTO ChannelInteractions (interaction_id, customer_id, interaction_type, channel, timestamp, notes) VALUES (22, 8, 'View', 'App', '2024-04-09 00:00:00', 'Interaction 22');
INSERT INTO ChannelInteractions (interaction_id, customer_id, interaction_type, channel, timestamp, notes) VALUES (23, 22, 'Click', 'Email', '2024-08-03 00:00:00', 'Interaction 23');
INSERT INTO ChannelInteractions (interaction_id, customer_id, interaction_type, channel, timestamp, notes) VALUES (24, 2, 'Click', 'Website', '2023-01-04 00:00:00', 'Interaction 24');
INSERT INTO ChannelInteractions (interaction_id, customer_id, interaction_type, channel, timestamp, notes) VALUES (25, 38, 'Click', 'Website', '2024-01-20 00:00:00', 'Interaction 25');
INSERT INTO ChannelInteractions (interaction_id, customer_id, interaction_type, channel, timestamp, notes) VALUES (26, 30, 'Purchase', 'Email', '2024-02-02 00:00:00', 'Interaction 26');
INSERT INTO ChannelInteractions (interaction_id, customer_id, interaction_type, channel, timestamp, notes) VALUES (27, 26, 'View', 'Email', '2023-07-24 00:00:00', 'Interaction 27');
INSERT INTO ChannelInteractions (interaction_id, customer_id, interaction_type, channel, timestamp, notes) VALUES (28, 9, 'Click', 'App', '2023-08-28 00:00:00', 'Interaction 28');
INSERT INTO ChannelInteractions (interaction_id, customer_id, interaction_type, channel, timestamp, notes) VALUES (29, 59, 'Click', 'Website', '2024-09-14 00:00:00', 'Interaction 29');
INSERT INTO ChannelInteractions (interaction_id, customer_id, interaction_type, channel, timestamp, notes) VALUES (30, 56, 'Click', 'Email', '2024-09-06 00:00:00', 'Interaction 30');
INSERT INTO ChannelInteractions (interaction_id, customer_id, interaction_type, channel, timestamp, notes) VALUES (31, 1, 'Purchase', 'Website', '2023-10-08 00:00:00', 'Interaction 31');
INSERT INTO ChannelInteractions (interaction_id, customer_id, interaction_type, channel, timestamp, notes) VALUES (32, 31, 'View', 'Email', '2024-03-25 00:00:00', 'Interaction 32');
INSERT INTO ChannelInteractions (interaction_id, customer_id, interaction_type, channel, timestamp, notes) VALUES (33, 50, 'View', 'Website', '2024-03-29 00:00:00', 'Interaction 33');
INSERT INTO ChannelInteractions (interaction_id, customer_id, interaction_type, channel, timestamp, notes) VALUES (34, 57, 'Click', 'Website', '2023-04-04 00:00:00', 'Interaction 34');
INSERT INTO ChannelInteractions (interaction_id, customer_id, interaction_type, channel, timestamp, notes) VALUES (35, 52, 'View', 'App', '2023-04-19 00:00:00', 'Interaction 35');
INSERT INTO ChannelInteractions (interaction_id, customer_id, interaction_type, channel, timestamp, notes) VALUES (36, 22, 'Click', 'Email', '2023-09-16 00:00:00', 'Interaction 36');
INSERT INTO ChannelInteractions (interaction_id, customer_id, interaction_type, channel, timestamp, notes) VALUES (37, 41, 'Purchase', 'Website', '2023-02-19 00:00:00', 'Interaction 37');
INSERT INTO ChannelInteractions (interaction_id, customer_id, interaction_type, channel, timestamp, notes) VALUES (38, 27, 'View', 'Website', '2024-02-06 00:00:00', 'Interaction 38');
INSERT INTO ChannelInteractions (interaction_id, customer_id, interaction_type, channel, timestamp, notes) VALUES (39, 29, 'View', 'Email', '2023-04-16 00:00:00', 'Interaction 39');
INSERT INTO ChannelInteractions (interaction_id, customer_id, interaction_type, channel, timestamp, notes) VALUES (40, 19, 'Purchase', 'App', '2023-09-15 00:00:00', 'Interaction 40');
INSERT INTO ChannelInteractions (interaction_id, customer_id, interaction_type, channel, timestamp, notes) VALUES (41, 22, 'Click', 'Website', '2023-07-10 00:00:00', 'Interaction 41');
INSERT INTO ChannelInteractions (interaction_id, customer_id, interaction_type, channel, timestamp, notes) VALUES (42, 25, 'Click', 'App', '2023-07-08 00:00:00', 'Interaction 42');
INSERT INTO ChannelInteractions (interaction_id, customer_id, interaction_type, channel, timestamp, notes) VALUES (43, 27, 'View', 'Email', '2024-08-01 00:00:00', 'Interaction 43');
INSERT INTO ChannelInteractions (interaction_id, customer_id, interaction_type, channel, timestamp, notes) VALUES (44, 40, 'Purchase', 'App', '2023-06-05 00:00:00', 'Interaction 44');
INSERT INTO ChannelInteractions (interaction_id, customer_id, interaction_type, channel, timestamp, notes) VALUES (45, 41, 'View', 'Email', '2023-10-30 00:00:00', 'Interaction 45');
INSERT INTO ChannelInteractions (interaction_id, customer_id, interaction_type, channel, timestamp, notes) VALUES (46, 15, 'Purchase', 'Email', '2024-02-01 00:00:00', 'Interaction 46');
INSERT INTO ChannelInteractions (interaction_id, customer_id, interaction_type, channel, timestamp, notes) VALUES (47, 54, 'Purchase', 'Website', '2024-05-12 00:00:00', 'Interaction 47');
INSERT INTO ChannelInteractions (interaction_id, customer_id, interaction_type, channel, timestamp, notes) VALUES (48, 5, 'View', 'App', '2023-07-18 00:00:00', 'Interaction 48');
INSERT INTO ChannelInteractions (interaction_id, customer_id, interaction_type, channel, timestamp, notes) VALUES (49, 18, 'Purchase', 'Website', '2023-08-15 00:00:00', 'Interaction 49');
INSERT INTO ChannelInteractions (interaction_id, customer_id, interaction_type, channel, timestamp, notes) VALUES (50, 39, 'View', 'Email', '2023-01-17 00:00:00', 'Interaction 50');
INSERT INTO ChannelInteractions (interaction_id, customer_id, interaction_type, channel, timestamp, notes) VALUES (51, 45, 'Purchase', 'Email', '2023-01-11 00:00:00', 'Interaction 51');
INSERT INTO ChannelInteractions (interaction_id, customer_id, interaction_type, channel, timestamp, notes) VALUES (52, 49, 'View', 'Email', '2023-03-08 00:00:00', 'Interaction 52');
INSERT INTO ChannelInteractions (interaction_id, customer_id, interaction_type, channel, timestamp, notes) VALUES (53, 59, 'Click', 'App', '2024-05-16 00:00:00', 'Interaction 53');
INSERT INTO ChannelInteractions (interaction_id, customer_id, interaction_type, channel, timestamp, notes) VALUES (54, 14, 'Click', 'Website', '2024-02-07 00:00:00', 'Interaction 54');
INSERT INTO ChannelInteractions (interaction_id, customer_id, interaction_type, channel, timestamp, notes) VALUES (55, 40, 'Click', 'Website', '2023-12-04 00:00:00', 'Interaction 55');
INSERT INTO ChannelInteractions (interaction_id, customer_id, interaction_type, channel, timestamp, notes) VALUES (56, 28, 'Purchase', 'Email', '2024-04-18 00:00:00', 'Interaction 56');
INSERT INTO ChannelInteractions (interaction_id, customer_id, interaction_type, channel, timestamp, notes) VALUES (57, 33, 'View', 'Website', '2023-04-29 00:00:00', 'Interaction 57');
INSERT INTO ChannelInteractions (interaction_id, customer_id, interaction_type, channel, timestamp, notes) VALUES (58, 32, 'Click', 'App', '2023-06-21 00:00:00', 'Interaction 58');
INSERT INTO ChannelInteractions (interaction_id, customer_id, interaction_type, channel, timestamp, notes) VALUES (59, 43, 'Click', 'Website', '2023-07-30 00:00:00', 'Interaction 59');
INSERT INTO ChannelInteractions (interaction_id, customer_id, interaction_type, channel, timestamp, notes) VALUES (60, 43, 'View', 'App', '2024-12-10 00:00:00', 'Interaction 60');
INSERT INTO BI_Metrics (metric_id, metric_name, metric_value, recorded_at, notes) VALUES (1, 'Metric 1', 7731.2299, '2024-11-22 00:00:00', 'Note 1');
INSERT INTO BI_Metrics (metric_id, metric_name, metric_value, recorded_at, notes) VALUES (2, 'Metric 2', 2273.8254, '2024-12-02 00:00:00', 'Note 2');
INSERT INTO BI_Metrics (metric_id, metric_name, metric_value, recorded_at, notes) VALUES (3, 'Metric 3', 6229.3362, '2024-05-19 00:00:00', 'Note 3');
INSERT INTO BI_Metrics (metric_id, metric_name, metric_value, recorded_at, notes) VALUES (4, 'Metric 4', 6841.3865, '2024-01-09 00:00:00', 'Note 4');
INSERT INTO BI_Metrics (metric_id, metric_name, metric_value, recorded_at, notes) VALUES (5, 'Metric 5', 1209.3474, '2023-11-27 00:00:00', 'Note 5');
INSERT INTO BI_Metrics (metric_id, metric_name, metric_value, recorded_at, notes) VALUES (6, 'Metric 6', 8939.4038, '2023-03-27 00:00:00', 'Note 6');
INSERT INTO BI_Metrics (metric_id, metric_name, metric_value, recorded_at, notes) VALUES (7, 'Metric 7', 5443.8227, '2023-06-28 00:00:00', 'Note 7');
INSERT INTO BI_Metrics (metric_id, metric_name, metric_value, recorded_at, notes) VALUES (8, 'Metric 8', 7686.7359, '2024-12-30 00:00:00', 'Note 8');
INSERT INTO BI_Metrics (metric_id, metric_name, metric_value, recorded_at, notes) VALUES (9, 'Metric 9', 6501.0705, '2024-01-31 00:00:00', 'Note 9');
INSERT INTO BI_Metrics (metric_id, metric_name, metric_value, recorded_at, notes) VALUES (10, 'Metric 10', 3607.624, '2023-10-07 00:00:00', 'Note 10');
INSERT INTO BI_Metrics (metric_id, metric_name, metric_value, recorded_at, notes) VALUES (11, 'Metric 11', 9668.9391, '2023-08-09 00:00:00', 'Note 11');
INSERT INTO BI_Metrics (metric_id, metric_name, metric_value, recorded_at, notes) VALUES (12, 'Metric 12', 8867.4034, '2024-11-16 00:00:00', 'Note 12');
INSERT INTO BI_Metrics (metric_id, metric_name, metric_value, recorded_at, notes) VALUES (13, 'Metric 13', 4663.2892, '2024-05-25 00:00:00', 'Note 13');
INSERT INTO BI_Metrics (metric_id, metric_name, metric_value, recorded_at, notes) VALUES (14, 'Metric 14', 7113.9776, '2023-02-01 00:00:00', 'Note 14');
INSERT INTO BI_Metrics (metric_id, metric_name, metric_value, recorded_at, notes) VALUES (15, 'Metric 15', 5263.6971, '2024-12-13 00:00:00', 'Note 15');
INSERT INTO BI_Metrics (metric_id, metric_name, metric_value, recorded_at, notes) VALUES (16, 'Metric 16', 682.0037, '2024-09-21 00:00:00', 'Note 16');
INSERT INTO BI_Metrics (metric_id, metric_name, metric_value, recorded_at, notes) VALUES (17, 'Metric 17', 1082.2596, '2023-10-04 00:00:00', 'Note 17');
INSERT INTO BI_Metrics (metric_id, metric_name, metric_value, recorded_at, notes) VALUES (18, 'Metric 18', 4770.5016, '2023-11-20 00:00:00', 'Note 18');
INSERT INTO BI_Metrics (metric_id, metric_name, metric_value, recorded_at, notes) VALUES (19, 'Metric 19', 4697.8357, '2024-10-31 00:00:00', 'Note 19');
INSERT INTO BI_Metrics (metric_id, metric_name, metric_value, recorded_at, notes) VALUES (20, 'Metric 20', 3187.2072, '2023-11-02 00:00:00', 'Note 20');
INSERT INTO BI_Metrics (metric_id, metric_name, metric_value, recorded_at, notes) VALUES (21, 'Metric 21', 6340.2882, '2024-11-10 00:00:00', 'Note 21');
INSERT INTO BI_Metrics (metric_id, metric_name, metric_value, recorded_at, notes) VALUES (22, 'Metric 22', 8815.9576, '2024-12-24 00:00:00', 'Note 22');
INSERT INTO BI_Metrics (metric_id, metric_name, metric_value, recorded_at, notes) VALUES (23, 'Metric 23', 8628.7511, '2024-01-06 00:00:00', 'Note 23');
INSERT INTO BI_Metrics (metric_id, metric_name, metric_value, recorded_at, notes) VALUES (24, 'Metric 24', 9945.7796, '2024-07-14 00:00:00', 'Note 24');
INSERT INTO BI_Metrics (metric_id, metric_name, metric_value, recorded_at, notes) VALUES (25, 'Metric 25', 5309.9785, '2024-08-31 00:00:00', 'Note 25');
INSERT INTO BI_Metrics (metric_id, metric_name, metric_value, recorded_at, notes) VALUES (26, 'Metric 26', 5433.325, '2023-03-15 00:00:00', 'Note 26');
INSERT INTO BI_Metrics (metric_id, metric_name, metric_value, recorded_at, notes) VALUES (27, 'Metric 27', 1111.6932, '2024-12-24 00:00:00', 'Note 27');
INSERT INTO BI_Metrics (metric_id, metric_name, metric_value, recorded_at, notes) VALUES (28, 'Metric 28', 6132.7883, '2023-12-23 00:00:00', 'Note 28');
INSERT INTO BI_Metrics (metric_id, metric_name, metric_value, recorded_at, notes) VALUES (29, 'Metric 29', 3597.2905, '2024-12-22 00:00:00', 'Note 29');
INSERT INTO BI_Metrics (metric_id, metric_name, metric_value, recorded_at, notes) VALUES (30, 'Metric 30', 7546.0688, '2024-05-05 00:00:00', 'Note 30');
INSERT INTO BI_Metrics (metric_id, metric_name, metric_value, recorded_at, notes) VALUES (31, 'Metric 31', 625.8592, '2024-05-08 00:00:00', 'Note 31');
INSERT INTO BI_Metrics (metric_id, metric_name, metric_value, recorded_at, notes) VALUES (32, 'Metric 32', 7563.8151, '2024-12-07 00:00:00', 'Note 32');
INSERT INTO BI_Metrics (metric_id, metric_name, metric_value, recorded_at, notes) VALUES (33, 'Metric 33', 5522.3761, '2024-04-15 00:00:00', 'Note 33');
INSERT INTO BI_Metrics (metric_id, metric_name, metric_value, recorded_at, notes) VALUES (34, 'Metric 34', 5482.6341, '2024-08-31 00:00:00', 'Note 34');
INSERT INTO BI_Metrics (metric_id, metric_name, metric_value, recorded_at, notes) VALUES (35, 'Metric 35', 7681.1208, '2024-02-22 00:00:00', 'Note 35');
INSERT INTO BI_Metrics (metric_id, metric_name, metric_value, recorded_at, notes) VALUES (36, 'Metric 36', 9757.8747, '2023-10-23 00:00:00', 'Note 36');
INSERT INTO BI_Metrics (metric_id, metric_name, metric_value, recorded_at, notes) VALUES (37, 'Metric 37', 5782.4377, '2024-04-23 00:00:00', 'Note 37');
INSERT INTO BI_Metrics (metric_id, metric_name, metric_value, recorded_at, notes) VALUES (38, 'Metric 38', 533.3183, '2024-03-15 00:00:00', 'Note 38');
INSERT INTO BI_Metrics (metric_id, metric_name, metric_value, recorded_at, notes) VALUES (39, 'Metric 39', 2086.548, '2023-02-15 00:00:00', 'Note 39');
INSERT INTO BI_Metrics (metric_id, metric_name, metric_value, recorded_at, notes) VALUES (40, 'Metric 40', 4352.3375, '2023-06-24 00:00:00', 'Note 40');
INSERT INTO BI_Metrics (metric_id, metric_name, metric_value, recorded_at, notes) VALUES (41, 'Metric 41', 2140.4023, '2024-07-16 00:00:00', 'Note 41');
INSERT INTO BI_Metrics (metric_id, metric_name, metric_value, recorded_at, notes) VALUES (42, 'Metric 42', 842.9266, '2024-12-29 00:00:00', 'Note 42');
INSERT INTO BI_Metrics (metric_id, metric_name, metric_value, recorded_at, notes) VALUES (43, 'Metric 43', 2387.5558, '2023-09-24 00:00:00', 'Note 43');
INSERT INTO BI_Metrics (metric_id, metric_name, metric_value, recorded_at, notes) VALUES (44, 'Metric 44', 6077.946, '2023-08-08 00:00:00', 'Note 44');
INSERT INTO BI_Metrics (metric_id, metric_name, metric_value, recorded_at, notes) VALUES (45, 'Metric 45', 5140.2444, '2023-06-18 00:00:00', 'Note 45');
INSERT INTO BI_Metrics (metric_id, metric_name, metric_value, recorded_at, notes) VALUES (46, 'Metric 46', 1688.0287, '2023-10-07 00:00:00', 'Note 46');
INSERT INTO BI_Metrics (metric_id, metric_name, metric_value, recorded_at, notes) VALUES (47, 'Metric 47', 4227.9861, '2024-10-07 00:00:00', 'Note 47');
INSERT INTO BI_Metrics (metric_id, metric_name, metric_value, recorded_at, notes) VALUES (48, 'Metric 48', 8769.5956, '2024-12-14 00:00:00', 'Note 48');
INSERT INTO BI_Metrics (metric_id, metric_name, metric_value, recorded_at, notes) VALUES (49, 'Metric 49', 4780.8985, '2023-06-05 00:00:00', 'Note 49');
INSERT INTO BI_Metrics (metric_id, metric_name, metric_value, recorded_at, notes) VALUES (50, 'Metric 50', 4681.5001, '2024-05-07 00:00:00', 'Note 50');
INSERT INTO BI_Metrics (metric_id, metric_name, metric_value, recorded_at, notes) VALUES (51, 'Metric 51', 4879.5476, '2023-01-12 00:00:00', 'Note 51');
INSERT INTO BI_Metrics (metric_id, metric_name, metric_value, recorded_at, notes) VALUES (52, 'Metric 52', 8939.109, '2023-01-18 00:00:00', 'Note 52');
INSERT INTO BI_Metrics (metric_id, metric_name, metric_value, recorded_at, notes) VALUES (53, 'Metric 53', 3245.6007, '2023-05-18 00:00:00', 'Note 53');
INSERT INTO BI_Metrics (metric_id, metric_name, metric_value, recorded_at, notes) VALUES (54, 'Metric 54', 8562.5764, '2024-09-16 00:00:00', 'Note 54');
INSERT INTO BI_Metrics (metric_id, metric_name, metric_value, recorded_at, notes) VALUES (55, 'Metric 55', 8722.2558, '2024-09-15 00:00:00', 'Note 55');
INSERT INTO BI_Metrics (metric_id, metric_name, metric_value, recorded_at, notes) VALUES (56, 'Metric 56', 6713.5479, '2023-02-23 00:00:00', 'Note 56');
INSERT INTO BI_Metrics (metric_id, metric_name, metric_value, recorded_at, notes) VALUES (57, 'Metric 57', 1691.435, '2023-12-23 00:00:00', 'Note 57');
INSERT INTO BI_Metrics (metric_id, metric_name, metric_value, recorded_at, notes) VALUES (58, 'Metric 58', 3119.663, '2023-12-31 00:00:00', 'Note 58');
INSERT INTO BI_Metrics (metric_id, metric_name, metric_value, recorded_at, notes) VALUES (59, 'Metric 59', 6473.9541, '2023-01-01 00:00:00', 'Note 59');
INSERT INTO BI_Metrics (metric_id, metric_name, metric_value, recorded_at, notes) VALUES (60, 'Metric 60', 2981.7561, '2024-01-10 00:00:00', 'Note 60');